Unnamed: 0,Filename,Chunk Size,Generated Question,Generated Answer
0,aa23-278a_chunk_6.txt,1024,What are the best ways for mitigating the risks associated with storing sensitive information in web applications,"The passage doesnot provide any information about the ways in which to mitigate the security risks of sensitive  information stored in a web application, so I cannot answer this question from this context."
1,ar23-209a_chunk_3.txt,1024,What information can the attacker obtain from a BSMTP server by sending an encoded or encrypted input,"The attacker can obtain the SMTPS string ' 05 33 45 Hello  %s [ %] , pleased  to meet  you' from an input sent to a  BSMTpd server."
2,icsa-24-074-11_chunk_1.txt,1024,What is the purpose of the provided CVEs and how can they be exploited,
3,home-network-security_chunk_2.txt,1024,What are some ways to secure the factory default settings on computer and software products,"The passage suggests the use of strong, unique password, changing default login and admin passwords, disabling WPS, reducing the signal range of Wi Fi, adjusting factory settings, removing unnecessary software/services, running up to date antivirus, installing network fire walls, keeping data backups, encrypting data, using strong encryption protocols, setting unique SSIDs, avoiding WiFi protected setup, limiting the amount of time attackers can spend on brute forcing, decreasing the range and strength of a WiFi signal."
4,aa23-325a_chunk_0.txt,1024,What is the purpose of providing the IOC and TLPs associated Lock Bit   3 0 in the joint cybersecurity advisory,"The purpose is to provide network defender with valuable information to protect their network against Lock bit  
3 .0 attacks."
5,icsa-24-074-11_chunk_2.txt,1024,What is the purpose of using external-control format strings in web pages,
6,aa23-278a_chunk_4.txt,1024,What are the best practices for mitigating default configurations on software applications,"The passage provides recommendations for software application developers and network defenders to mitigate default settings, which include changing default credentials and enforcing strong passwords."
7,ar23-243a_chunk_0.txt,1024,What is the purpose of collecting and collATING information on active devices,
8,icsa-24-046-15_chunk_7.txt,1024,"What is the value of ""2"" in ""name"" within the passage","The passage does mention the length of name as 0 to  750 bytes. However, it does provide no information about the exact value."
9,icsa-24-046-11_chunk_11.txt,1024,What is the purpose of using `#cGO LDFLAG` when building a Go program,
10,aa23-074a_chunk_1.txt,1024,What is the purpose of uploading malicious code to C\Windows \Temp \ directory,
11,icsa-24-046-11_chunk_13.txt,1024,What is the purpose of the _x-key-data_ variable in _kadmind5,_
12,aa23-250a_chunk_2.txt,1024,What is the purpose of dropping an ASPx web sheller on an Owa server,"The passage does not specify the purposes of  dropping an aspx  web shell onto an owa  server, so I cannot answer this question from  the provided context."
13,aa23-325a_chunk_1.txt,1024,What is the purpose of the lock file and how can it be exploited to gain access or control of a system,
14,aa20-352a_chunk_0.txt,1024,What is the purpose of investigating the incidents where activity indicates abuse  of SAML tokens,The purpose is to investigate incidents  where activity  indicates abuse   of  SAMl tokens to identify other potential initial  access vectors that may have gone undetected.
15,aa23-215a_chunk_1.txt,1024,What are the top 5 most frequently exploited vulnerability classes according to this passage,"The top five most frequent vulnerability class according the text is not explicitly stated in this context, so I cannot answer this question from the provided context."
16,aa22-055a_chunk_2.txt,1024,What is the purpose of using obfuscating techniques in malware,"The purpose is to disguise the malware' s functionality and evade detection by security software. By obfuscrating the code, the attacker can bypass security checks and remain undetected."
17,home-network-security_chunk_3.txt,1024,What is the main purpose of disabling UPNP when its not required,"The passage does not explicitly state the purpose, so I cannot answer this question from the provided context."
18,home-network-security_chunk_4.txt,1024,What is the best way to secure your WiFi router,"The best ways to securely secure a WiFi Router are to use a strong encryption standard, change the factory default password, disable unnecessary features, keep the firmware up to date, monitor the system for suspicious activity, use strong passwords, avoid clicking on suspicious links or opening suspicious attachments, educate yourself about phishing attacks, be cautious about sharing personal and sensitive information, regularly back up your important data, encrypt the backups, store them in a secure location and avoid leaving the routers in public places."
19,aa23-061a_chunk_2.txt,1024,What is the purpose of implementing a password policy according the NIST standards,"Answer: According to NIST, implementing password best practice according standards helps to ensure the security of accounts and sensitive data by requiring longer and more complex passwords, storing passwords securely, enforcing password complexity requirements, preventing password reuse, enabling multi-factor login, disabling password hint, requiring administrator credential installation, using multi factor authentication, reducing the risk of using command and script tools for lateral access, maintaining offline data backups, encrypting and storing"
20,aa22-117a_chunk_1.txt,1024,What are the best practices for managing internet facing equipment and protecting against vulnerabilities,"The passage does provide some best practice for protecting internet faced equipment, but it does so not go into great detail. The following are some of the key takeaways from the text: 

- Use reputable MSP or CSP to patch end of life software. 
- Implement least privileged access and configure access controls under a principle of ""least privileges"".  


- Regularly monitor and audit the network for suspicious activity.
 - Use endpoint protection and SIEM tools to monitor for threats.


 - Keep software"
21,aa20-301a_chunk_1.txt,1024,What is the purpose of setting the privileges in Figure one   What are the methods used by attackers to achieve this privilege escalation,"The purpose  of setting privileges is to enable an attacker to execute malicious  code on a compromised system by injecting it into the process that is running.

The methods  used by attacker  to achieve privilege escalations are:
1) Placing scripts  in the startup folder
2 ) Creating and  running new  services
3) Changing default  file associations
4) Injecting malicious codes in  explorer.EXE
5) Using Win 7 Elevate exploit to  bypass the U"
22,aa22-320a_chunk_1.txt,1024,What is the purpose of disabling Windows defender via GUI and implanting NGROk executable and configurations files,"The purpose is to disable WindowsDefender, implant the NGrok malware, configure the malware to establish a persistent connection to multiple machines, proxy RDP connections, change the passwords for local admin account, create new accounts, disable Defender, remove malicious files, dump LSA memory, access password stores, then harvest the credentials for future use."
23,aa22-158a_chunk_1.txt,1024,What is the purpose of configuring the remote interface and updating the IP addresses on it,
24,aa21-209a_chunk_2.txt,1024,What is the purpose of reading the file sslVPN_webession and what could be the potential consequences of doing so,"The passage does not specify the purposes of  reading the  file ssl VPN_weSession, nor does it provide any information about the consequences that could result from doing such a thing."
25,aa23-158a_chunk_3.txt,1024,What is the purpose of implementing application control to block both outbound and inbound connections to common software applications,The purpose is to ensure that only authorized software can be executed on your system. This helps to protect your computer from malware and unauthorized access.
26,icsa-24-074-07_chunk_9.txt,1024,What is the potential impact of the vulnerability in the getalias method of bluetoothdevice. java   How can the exploit be carried out,
27,icsa-24-046-15_chunk_0.txt,1024,What is the potential impact of exploiting these vulnerability on a Siemens network,"The potential  impact of  exploiting these  vulnerabilidades on  Siemens network is high.  Exploitation of vulnerabilities such as those described could allow an  attacker to gain unauthorized access to sensitive data, disrupt network operations,  or cause denial  of service attacks."
28,aa23-136a_chunk_1.txt,1024,What is the purpose of adding useraccounts to RemoteDesktop Users Group,The passage doesnot specify the reason for adding users to remote desktop users group in its context.
29,aa23-215a_chunk_4.txt,1024,What are the two new vulnerabilities associated  with Microsoft  Exchange,The two vulnerabilities are CVE -2142 - 40032 and CVE 0-15052
30,icsa-23-166-10_chunk_3.txt,1024,What is the length of hostname that the function can handle,"The passage does not specify the maximum length for the hostname, so I cannot answer this question from the provided context."
31,aa23-339a_chunk_3.txt,1024,What is the purpose of implementing application-aware defenses in the context of cybersecurity,"The passage doesnot provide any information about the purposes of applying application aware defenses, so I cannot answer this question from the provided context."
32,aa23-187a_chunk_2.txt,1024,What is the purpose of using removable drives in the context of malicious activity,"The passage does not specify the purposes of removable drive usage in context with malicious activities, so I cannot answer this question from the provided context."
33,aa24-038a_chunk_0.txt,1024,What is the main purpose of implementing phishing resistant MFA,"The passage does not specify the purpose or main function of using phishing resistance MFA, so I cannot answer this question from this context."
34,icsa-24-046-11_chunk_4.txt,1024,What is the purpose of splitting the string arguments in git,The purpose is to allow the user to specify an unlimited number  of arguments by using an integer to indicate the length of each argument.
35,ar21-134a_chunk_2.txt,1024,What is the purpose of rotating secrets related to remote MFA tokens,"The passage does not specify the specific purpose or reason for rotating the secrets. Therefore, I cannot answer this question from the provided context."
36,icsa-24-074-07_chunk_12.txt,1024,What is the potential impact of the out of-bound read vulnerability in f dt_ path_ offset_ namelen,The potential  impact of out -of -bounds  read vulnerability  in f d t_ pat h offset _namel  is to lead  to local  information disclosure  with  System execution  privileges needed
37,icsa-24-046-15_chunk_2.txt,1024,What is the time complexitiy of converting an OBJECT_IDENTIFIER to it s decimal equivalent,"O (square (n)), where n is  the size in  bytes of sub_identifiers"
38,icsa-24-074-11_chunk_3.txt,1024,What is the recommended mitigation for CVE - 03432,The passage does not provide any information about the recommendation for mitigating CVE ‑  63522.
39,icsa-24-046-11_chunk_12.txt,1024,What is the purpose of using a random seed generator in a cryptographic application,
40,icsa-24-074-07_chunk_0.txt,1024,What is the potential impact of this security advisory on Android devices,
41,icsa-23-166-11_chunk_7.txt,1024,What is the purpose of upgrading the past commits mentioned in these vulnerabilities,
42,aa22-277a_chunk_2.txt,1024,What are some of these suspicious activities that could indicate that a potential threat is present,"The passage mentions the suspicious activity that can indicate the presence of a security threat include:
- Impossible login attempts
 - Impossible travel
  - Unusual account usage
   - Unauthorized software installation
    - Anomalies in user behavior
     -Suspicious script activity"
43,aa23-319a_chunk_2.txt,1024,What is the purpose of the passage   What are some of its key takeaways,"The purpose  of the  passage is to provide insights into the tactics and techniques employed by Phishers and how they exploit vulnerabilities in Microsoft's  Netlog on Remote Server Protocol (RDP). It also outlines mitigation strategies that can be implemented to enhance the security of an organization' s RDP infrastructure.

Key takeaways from  the passage include: 

- Phisher T 0 767 actors use various techniques to exploit Zero-logons vulnerabilities, such  as PowerShell and batch"
44,aa21-062a_chunk_3.txt,1024,What are the updated mitigations for Microsoft Office 64,The passage does not provide any information about the updates to the mitigATIONS for Office6
45,ar21-134a_chunk_0.txt,1024,What are some of the key steps that should take place during the pre-eviction phase of Category3 organizations mitigation plan,The key step that takes place in pre -evacuation phase is to define the scope of trust and determine which assets fall within that scope.
46,aa23-201a_chunk_0.txt,1024,What is the vulnerability that allows threat actor to exploit the CVE,"Answer: The vulnerability is CVE 0f22-0c0a, affecting versions 3 and 7 of CitRIX NetScalers."
47,ar23-243a_chunk_2.txt,1024,What is the purpose of running the NdbR utility,"The purpose is to generate SSH key pairs for use in secure remote access via Tor, allowing the attacker to establish an ssh connection to a remote server through tor hidden services."
48,aa23-136a_chunk_0.txt,1024,What is the purpose of using PowerShell to enable the installation of remote access tools on victims systems,The passage does not specify the purposes of enabling the  installation of  remote access  tools on victim's systems using  PowerShell.
49,aa21-209a_chunk_0.txt,1024,What are the Top 5 most commonly targeted vulnerability by hackers in the last two year,"The top five most frequently exploited vulnerability are:
1) CVE -2 0 9 7 8 
2)CVE - 4 6  

3)  CVE  - 	2  0  1 


4)	CVE ‑ 		2	0	1


5)  CVE -	 			2   0   1"
50,aa20-301a_chunk_3.txt,1024,What is the purpose of the passage  What are the key takeaways from the text,"The purpose  of the  passage is to provide a comprehensive overview of various cyber threats and attacks targeting South Korean entities, with a focus on the Kimsusky group. The key takeaway from this text is that the group has been actively targeting critical infrastructure and sensitive industries, including nuclear, cryptocurrency, and academic institutions. Additionally, the use of advanced malware and spear phishing techniques has significantly increased the sophistication and effectiveness of their attacks."
51,icsa-24-046-15_chunk_4.txt,1024,What is the purpose of matching wildcard characters in a Subject Alternative Names (SAN) in SSL certificates,"The purpose is to match any IDNs that are present in that SAN, regardless of their length or character."
52,aa24-109a_chunk_0.txt,1024,"What are the best practices to protect systems from the newly observed variant, ""Akira v2""","The passage does not provide specific recommendations or best practice to address the new variant "" Akira v 3""."
53,icsa-24-046-15_chunk_1.txt,1024,What is the purpose of using the `d2 i_PKCS 8` function,The passage doesnot specify the purposes of  using the  `d i _PKCS8 ` function in the context of this passage.
54,aa21-062a_chunk_0.txt,1024,"What is the purpose of running the ""Test-proxyLogons.p1"" script",The purpose is to determine if their system is compromised by scanning Exchange logs for indicators.
55,aa20-301a_chunk_2.txt,1024,What is the purpose of collecting data through the keystroke logger and sending the copy to different accounts,
56,aa24-038a_chunk_1.txt,1024,What is the purpose of the passage,"The purpose is not explicitly stated in this passage, so I cannot answer this question from this context."
57,aa23-144a_chunk_0.txt,1024,What is an effective way to identify and mitigate this threat,"The passage does provide no information or guidance on how to effectively identify or mitigate the threat, therefore I cannot answer this question from this context."
58,aa23-215a_chunk_2.txt,1024,What is the purpose of the patch manager system and how does it help in patch application priorititization,"The purpose is to establish a prioritized patch prioritizations system, which helps in determining which patches to apply first. The patch managers system helps to automate the process of applying patches, ensuring that they're applied in a timely manner."
59,icsa-24-046-11_chunk_5.txt,1024,What is the purpose of setting `multiprocessing. util. abstract_socket_support_false` to `False`,
60,icsa-24-074-07_chunk_3.txt,1024,What is the potential impact of the double-free vulnerability in s dp_ discovery. cc,
61,aa24-038a_chunk_5.txt,1024,What is the potential impact of detecting a VPN connection to an external server within an industrial automation system,The passage does not provide any information about the impact that detecting an VPN  connection  to an  external server would have on the Industrial Automation System (IAS).
62,aa23-215a_chunk_0.txt,1024,What are the 5 most frequently reported vulnerabilities exploited  by malicious actors,"Sure, here are  3 most frequent vulnerabilities reported by the malicious actor: 

1) CVE -2 0 7 6935
2)  CVE - 
 	24974
3)	CVE-  25992"
63,aa21-209a_chunk_5.txt,1024,What is the immediate threat posed by exploiting the vulnerabilities in Domain controllers,The immediate  threat posed is that successful exploit results  in the  ability to authenticate to  the vulnerable domain controller with domain administrator level  credentials.
64,aa20-275a_chunk_3.txt,1024,What is the purpose of monitoring and reporting database ( RDB ) version2,
65,icsa-23-166-11_chunk_0.txt,1024,What is the highest severity of vulnerability listed in CVss v  3,"Answer: The highest vulnerability severity listed is <b>7,8</b>, based on CVs v score    The vulnerability with the CVv score is a remote code exploit that could potentially allow a malicious actor to gain full control of a Siemens SIMatic S 	7 - 		1 0 			product."
66,aa23-144a_chunk_1.txt,1024,What is the purpose of creating a folder hierarchy in C\Windows\<path> for storing the copied nt ds. dit and system registry files,The purpose is to provide a consistent and organized structure for holding the copies of ntDS. Dit and System registry file to ensure that they remain in sync with their original counterparts and facilitate efficient access and manipulation by ntsdsuil.
67,aa23-215a_chunk_3.txt,1024,What is the purpose of the HTTP server vulnerability mentioned in this passage,
68,aa20-352a_chunk_2.txt,1024,What is the purpose of checking the timestamps of SAMLL tokens to determine if they were issued within the hour before or after the login time,The purpose is to check the timestamp of a SAM LL token to see if the tokens were generated within one hour prior or subsequent to when the user logged in.
69,aa23-074a_chunk_3.txt,1024,What is the purpose of centralizing log data and implementing long retention periods for incident analysis,"Centralizing logs and extending retention times allows organizations to discover webshells and exploit activities, providing valuable insights into the scope of an incident. This enables forensic analysts to thoroughly identify the incident and track the attacker's steps."
70,aa23-347a_chunk_3.txt,1024,"What is the purpose of the registry hives used in this attack  Why were they used, what data was stored, how was the data accessed,  and what was used for malicious purposes","The purpose  of the  registry  hives used  in this  attack was to store sensitive registry  entries  that could be exploited by the attackers. The data stored in these hives included credentials, session  cookies, network  information, process information,and other sensitive data that could  be used maliciously.

The data  was stored  using the **reg** command, which is used on the Windows operating system to manage and access  the registry. 

 The  data was"
71,aa23-059a_chunk_4.txt,1024,What are the potential risks associated with compromised krBTgt credentials,The potential risk associated compromised KRbtGT credentials is that adversaries could sign and use their TGs to facilitate domain  access years beyond the compromise date.
72,aa22-158a_chunk_0.txt,1024,What are the most common network vulnerabilities that PRC State-Sponsored Cyber Actors exploit in their attacks,Answer: The most commonly exploited network vulnerability by PRCs state sponsored cyber attackers is the Common Vulnerability and Exposure (CVE) list listed within the passage.
73,icsa-24-046-15_chunk_5.txt,1024,What is the purpose of using an Invalid Public Key to sign an X5 01 certificate,The purpose is to force an interruption of applications processing and cause denial of service attacks.
74,icsa-23-166-11_chunk_9.txt,1024,What are the recommended measures for protecting oneself from phishing attacks,Refer  to Recognizing  and Avoiding  Email Scaams  for more  information on  avoiding  email  scams.
75,aa24-109a_chunk_3.txt,1024,What is the recommended approach for validating security control inventory against ATT & CK techniques,The passage recommends testing existing  security control inventories to asses how well they align with the techniques of the  MITRE AT& CK framework.
76,aa23-074a_chunk_5.txt,1024,What is the importance and role of network segmentations in preventing threat actors from lateral movements within a network,"Network segmenting significantly reduce the abilities of threat attackers to move between and access various subnets, limiting lateral communication and reducing the risk of exfiltrating sensitive information."
77,aa23-320a_chunk_3.txt,1024,What is the purpose of implementing a security monitoring and reporting tool  How can this tool help in identifying and preventing ransomware attacks,"The purpose  of implementing  a security  monitoring and  reporting tool is to aid  in detecting and prevent ransomware  attacks by logging and recording all  network traffic  and activity on  the network, identifying abnormal  activity, detecting  ransomware,  tracking lateral  movement, enabling endpoint detection, response, antivirus protection, disabling unused  ports and ports, implementing an  email banner, disallowing hyper links, ensuring all backups are encrypted and immutable, covering the organization  s entire data"
78,aa21-008a_chunk_1.txt,1024,What is another way of detecting suspicious activity related to domain and federations modifications,Use Sparrow' s ability to track changes and identify anomalies in credential applications.
79,aa23-325a_chunk_4.txt,1024,What are the best ways to protect sensitive and proprietary information and server data in an environment where PsEXEC operations are required,"The passage doesnot provide specific information about the ways best to secure sensitive data, so I cannot answer this question from the provided context."
80,aa23-339a_chunk_0.txt,1024,What is the purpose of enabling multi-factor Authentication ( MFA) on web services,"The passage does not specify the purposes of implementing multi factor authentication on any web service, so I cannot answer this question fromthe context."
81,aa23-250a_chunk_3.txt,1024,What is the purpose of using the Hello world string in an attackers initial communication with a target system,"The purpose is not mentioned in context, so I cannot answer this question from provided context."
82,aa23-201a_chunk_1.txt,1024,What is the purpose of implanting the Ex executable and linkable format (elf) on a victims system,The purpose is to enable the attackers to remotely execute commands on that system as the root user.
83,aa23-319a_chunk_0.txt,1024,What are the best practices to protect organizations from Rhysada ransomware,"The passage does not provide specific best practice recommendations to combat Rhysda ransomware, so I cannot answer this question from this context."
84,aa21-209a_chunk_4.txt,1024,What is the purpose of using AsyncuploadHandler object in Rce vulnerability,"The purpose is not mentioned in this context, so I cannot answer this question from this passage."
85,aa22-158a_chunk_2.txt,1024,What is the purpose of providing this information,"The purpose is to provide a comprehensive understanding of vulnerabilities and potential risks associated with Cisco and Draytek products and software, with a focus on providing relevant information for cybersecurity professionals and incident response teams."
86,aa24-038a_chunk_10.txt,1024,What is the purpose of extracting and displaying details of successful login events in an ActiveDirectory environment,"The purpose is to provide insights into user login activities, identify different types of logins, track user movements, detect suspicious behavior, establish baseline information for further analysis, enable security analysts to investigate and track suspicious login attempts, provide information to detect compromised systems, help identify potential attackers, understand user behavior patterns and trends, gain insights to improve security posture, prioritize security tasks, allocate resources effectively, make informed decisions, improve incident detection and response, enhance security awareness, educate users about security best practices, enforce"
87,icsa-24-046-11_chunk_2.txt,1024,What is the potential impact of this bug on the security of a container running on Kubernetes,"The potential  impact of  this bug  on the  security of container  running on  Kubernetes  is  high.  The  vulnerability allows  an attacker to  gain  remote  code  execution  capabilities  within  the  container,  which  could  allow  them  to  take  control  of  all  containers  in  a cluster."
88,ar21-134a_chunk_4.txt,1024,What is the purpose of the 5-day internet disconnect for agency network,The purpose is to allow agency personnel to conduct a comprehensive review of their network and identify any vulnerabilities or threats that could be exploited by an adversary.
89,icsa-24-074-07_chunk_6.txt,1024,What is the potential impact of the out of-bound write vulnerability in the BtmScn.c file,
90,aa23-074a_chunk_4.txt,1024,What is a string that appears in both events but has different timestamps,
91,aa20-245a_chunk_0.txt,1024,What are some best-practice mitigation strategies that should be implemented to avoid exposing the presence of an adversary in a computer network,"The passage does not provide specific best mitigation strategy recommendations, so I cannot answer this question from this context."
92,aa22-277a_chunk_0.txt,1024,What is the purpose of implementing network segmentations to protect against APT,"The passage does not specify what the purposes of network segmentaions are to prevent APT, so I cannot answer this question from this context."
93,aa23-165a_chunk_1.txt,1024,What is the percentage of ransomware-related activity that is attributed specifically to Lockbit affiliates,"Answer: The passage does not specify the exact percentage, so I cannot answer this question from the provided context."
94,aa24-038a_chunk_6.txt,1024,What are the best ways to mitigate the risk of malware infection on IoT devices,The passage does not provide any information about the ways in which to best mitigate malware infections on IOT devices.
95,home-network-security_chunk_0.txt,1024,How can users improve their homes network security by following the mitigation strategies mentioned in the passage,"Users can improve home Network security through the implementation of mitigation measures such a regular software update, removal of unnecessary software services, adjustment of factory default settings, changing default passwords, running up to date antivirus, installing network fire walls, keeping their devices and network up and running, backing up their data regularly, encrypting their backups, using strong encryption protocols, implementing the WPA3 Personal Advance Encryption standard, among others."
96,aa20-245a_chunk_4.txt,1024,What is a key recommendation for securing sensitive network information,Answer: Use private virtual LAN to isolated a network segment from other broadcast domain.
97,aa23-213a_chunk_0.txt,1024,What is the critical authorization bypass vulnerability that allows attackers to potentially gain full access and control over Ivaniti Endpoint Management Mobile,"CVE - 0 
The passage does not specify the vulnerability or how it allows full control, so I cannot answer this question from this context."
98,aa20-275a_chunk_2.txt,1024,What are the most effective ways to prevent and mitigate the threat of adversary Malware using the recommended actions,"The passage does not specify the specific most efficient ways of preventing and mitigating the threats of adversaries malware, so I cannot answer this question from the provided context."
99,aa23-278a_chunk_2.txt,1024,What are the best practices to prevent lateral spread and maintain network security,The passage does not provide specific best practice recommendations to help prevent the lateral flow of attackers and protect network integrity.
100,aa22-277a_chunk_4.txt,1024,What is the purpose of using the `set. exe` command to modify the environment,"The passage does not specify the purposes of running the  `set . exe ` command, so I cannot answer this question from this context."
101,icsa-24-074-07_chunk_2.txt,1024,What is the purpose of the tapjack overlay in the Bluetooth permission request activity,
102,aa21-209a_chunk_3.txt,1024,What is the purpose of disabling Equation editor in Confluence Data center,"Answer: The purpose is to prevent code from being executed through the widget connector macro, enabling Rce on susceptible systems"
103,ar23-243a_chunk_5.txt,1024,What is the purpose of the `pty` variable in the provided passage,"The purpose is not explicitly stated in this passage, so I cannot answer this question from the context."
104,aa23-325a_chunk_3.txt,1024,What is the purpose of checking the value of `filesize` variable in the given passage,The purpose is to check the size of downloaded file to ensure it is greater than 4KB before proceeding with further execution
105,aa23-158a_chunk_0.txt,1024,What is an effective way to prevent CLOP ransomware from accessing sensitive data and systems,"The passage does not provide an specific effective method to stop CLOP ransomware access, but it suggests implementing the recommended recommendations from this Cybersecurity advisory to minimize the risk of being infected."
106,aa23-278a_chunk_5.txt,1024,What is the purpose of implementing a secure password management solution   What are the benefits of using a strong password,"The purpose is to implement a security password manager solution to ensure the security of sensitive information and data. Strong passwords can help to deter attackers from cracking passwords, making it more difficult for attackers to gain unauthorized access."
107,aa23-278a_chunk_9.txt,1024,What are the different ways that attackers can gain access and compromise remote services,"The passage does not specify the ways attackers gain  access and  compromise remote service, so I cannot answer this question from the provided context."
108,aa22-055a_chunk_1.txt,1024,What is a potential exploit that could be used against the target system to gain access and execute code,"The exploit mentioned in question is exploiting an Office application startup template named ""Normal.docm"". The template contains malicious macros that when executed could gain administrative privileges and allow the attacker to launch further attacks."
109,aa23-059a_chunk_3.txt,1024,What are the key vulnerabilities that could have contributed  to the lack of response to Phase 2 events,The passage does not specify any key vulnerability that contributed the  lack of responses to phase 0 events.
110,aa24-038a_chunk_3.txt,1024,What is the purpose of capturing and removing sensitive logs from a compromise,The purpose is to collect and remove sensitive information to prevent unauthorized access and maintain system integrity.
111,icsa-24-046-11_chunk_10.txt,1024,What is the purpose of using a CVss base vector with the string ( CVCS:1:AVN:ACL:PRNUI RNS:S) in vulnerability  3 2.,
112,aa22-277a_chunk_3.txt,1024,What is the purpose of disabling cleartext administration and disabling all other remote administration tools,The purpose is to improve visibility and reduce the risk of an unauthorized user accessing sensitive network data by implementing a mandatory access control model and implementing stringent security measures to prevent unauthorized access to network resources and sensitive  data.
113,aa23-136a_chunk_4.txt,1024,What is the purpose of disabling the AMI (Anti-Malware Interface) on windows   How does this affect the security of a system,"The purpose  of disabling  the AMI on  Windows is to enable the exploitation  and execution of malicious  scripts that bypass the antivirus protection. By disabling   the  AMI, attackers can execute malicious code without being detected by antivirus software.

The AMI is responsible for protecting the system from malware by scanning and analyzing incoming and outgoing  code.  When the  AMi is  disabled,  malicious scripts can bypass  security checks and  execute  without being blocked."
114,aa23-165a_chunk_2.txt,1024,"What is the purpose of using the ""Web Protocols"" application layer protocol in file transfers","The passage does not specify the purposes of utilizing the Web Protocol application Layer protocol, so I cannot answer this question from the provided context."
115,icsa-23-166-11_chunk_6.txt,1024,What is the purpose of using the CVss v 2 base scores in this context,
116,icsa-24-102-08_chunk_4.txt,1024,What is the purpose of reporting vulnerabilities to the Cisa,The purpose is to track and correlate against incidents to help identify and address vulnerabilities that could be exploited by malicious actors.
117,aa23-278a_chunk_0.txt,1024,What are the ten most commonly reported network configuration misconfiguration vulnerabilities,"The ten most commonly mentioned network configurations misconfigure vulnerabilities are:
1- Default configuration of applications
2- Improperly separated user and administrator privilege
3- Insufficient network segmenting
4- Poor password management
5- Bypass system security access
6- Weak multi-factor Authentication ( MFA)
7- Inadequate access Control Lists ( ACLs ) on Network shares
8- Unprotected code
9- Lack  of network segregation
 
and 9 - Poor configuration or lack of"
118,aa23-263a_chunk_3.txt,1024,What is the purpose of installing antivirus on hosts  How can antivirus be used to detect and prevent ransomware attacks,"The purpose  of installing  antivirus on host is to protect against ransomware by detecting and preventing ransomware from spreading across the network and executing malicious code. Antivirus can do this by scanning for and blocking known ransomware strains, as well as by monitoring network activity for suspicious behavior."
119,icsa-23-166-11_chunk_1.txt,1024,What is the purpose of using OpenSSL s re-hash functionality,The passage doesnot provide any information about the purposes of OpenSSL' s Re-Hash functionality.
120,aa23-165a_chunk_4.txt,1024,What is the best way to implement leastprivilege access control in the context of ransomware attacks,Implement time -based  access for account set to admin and above.
121,aa21-008a_chunk_2.txt,1024,What is an effective way to monitor the telemetry data in Azure for suspicious activity,"The passage does provide information about the logging capabilities and tools available for monitoring telemetry in azure, including the use  of industry standard SIEM tools for long term historical analysis."
122,icsa-23-166-11_chunk_8.txt,1024,What is the purpose of enabling certificate validation in OpenVPN,"The passage doesnot specify the purposes of  enabling certificate  validation in openvpn, so I cannot answer this question from the provided context."
123,aa23-059a_chunk_7.txt,1024,What is the purpose of storing SSH password information in the bash historical file,The passage does not specify the purposes of saving SSH  password information  in the  bash historical  file.
124,icsa-24-102-08_chunk_1.txt,1024,What is the purpose of adding a `BIO_filter BIO` to front the ` BIO ` chain in `B62_Write_ ASN 2` function,"The purpose is to add a filter to start the chain with a specific BIO, `bio` and to ensure that it is used for the entire process of ` B 6 4 _ write_ asn1`"
125,aa23-347a_chunk_0.txt,1024,What is the potential impact of exploiting this vulnerability on software engineers and their source codes,"If compromised access is provided to malicious attackers, they could submerge software compile and deploy processes, allowing them to further manipulate and distribute malicious code to other software systems."
126,icsa-23-166-11_chunk_5.txt,1024,What is the purpose of the CVss vector in this code,
127,aa23-201a_chunk_3.txt,1024,What is the purpose of the passage,The purpose is to provide information about a security vulnerability and how organizations can mitigate it.
128,aa23-061a_chunk_0.txt,1024,What is the percentage or percentage range of files that are encrypted by the Royal ransomware,"The passage does  not specify the exact percentage, or range, of  files that the  Royal ransomware encrypts."
129,aa23-319a_chunk_4.txt,1024,What is the purpose of this passage,"Answer: The purpose is to provide users with information about the version history of the product, including the initial version and the date of each update."
130,icsa-23-222-09_chunk_4.txt,1024,What is the attack complexitiy of the vulnerability,High attack complexities
131,aa23-158a_chunk_1.txt,1024,What is the purpose of downloading and running the FLAWEDGRACE or COBAL STK beacons,
132,aa23-250a_chunk_1.txt,1024,What is the purpose of the .txt files downloaded from C#,"The passage does not specify the purposes of these .text files or their content, so I cannot answer this question from this context."
133,aa23-201a_chunk_2.txt,1024,What is the purpose of the file named *logintm*.php,"The passage does not specify the purposes of file * logint m*. php, so I cannot answer this question from this context."
134,aa22-117a_chunk_2.txt,1024,What is the purpose of using the Remote PowerShell feature in Exchange server,"The passage does not specify the purposes of utilizing the remote PowerShell features in the Exchange sever, so I cannot answer this question from the provided context."
135,aa23-347a_chunk_5.txt,1024,What is the purpose of modifying the `internal properties` file,
136,aa24-038a_chunk_9.txt,1024,What is the purpose of testing security control inventory against ATT & CK techniques,"The purpose is to test your organizations security programs against a threat behavior map that is mapped against techniques in ATT and CK frameworks. By testing against these techniques, you can identify vulnerabilities and areas that need improvement in your overall security posture."
137,aa24-038a_chunk_2.txt,1024,"What is the purpose of using legitimate, outdated network tools for credential access and discovery","The passage does not specify the purposes of utilizing legitimate and outdated tools in credential acquisition and access, so I cannot answer this question from this context."
138,aa23-144a_chunk_4.txt,1024,"What is the purpose of using the ""Aes.Encrypt"" method in ShellJS",The passage doesnot specify the purposes of utilizing the 'Aes' method within the ShellJs code.
139,aa20-275a_chunk_1.txt,1024,What are some ways to effectively detect the PREATT & CK techniques used against an enterprise network,"The passage does not provide specific ways or techniques to be effective in detecting PRE ATT &CK, so I cannot answer this question from the provided context."
140,icsa-24-046-15_chunk_8.txt,1024,What is the purpose of reporting suspected suspicious activity to the CISC,The purpose is to track and correlate against the other incident to help organizations identify and mitigate the potential threat.
141,aa23-059a_chunk_2.txt,1024,What is the purpose of using SSH session files to access hosts  How does this technique contribute to gaining root privileges on SBS,"The purpose  of using ssh session file to gain root privilege on an SBS server is to establish an SSH  session with an administrator user on that server. Once the SSH is established,  the team can use a script to elevate the administrator's privileges and gain access  to the entire SBS system.

This technique contributes to  gaining root  privileges on  SBS by allowing the  team to bypass the MFA  prompt and directly connect to any host on   the SBS network."
142,home-network-security_chunk_1.txt,1024,What is the best way to protect your wireless router from a potential attack,"The best ways to secure your Wireless router are to follow the steps outlined in this passage. These steps include changing the factory default password, disabling unnecessary features, updating firmware, monitoring for suspicious activity, removing unnecessary software, keeping your operating system and router software up to date, using a strong password for your account, avoiding phishing attacks, securing your access point, turning off WPS, reducing the signal range, enabling WPA2 encryption, changing SSIDs, setting up a guest network with restricted access, configuring a"
143,aa22-320a_chunk_0.txt,1024,What is the purpose of implanting NGROK reverse Proxy on hosts,"The purpose is to create an external service that can be accessed from outside the internal network, allowing threat operators to remotely control and monitor the compromised systems."
144,aa23-075a_chunk_3.txt,1024,What is the purpose of implementing a monitoring and reporting tool for network activity,"The purpose is to aid the detection of abnormal activities, potential lateral movements, abnormal network access, suspicious communications, compromised endpoints, data breaches, ransomware attacks, etc."
145,aa21-008a_chunk_3.txt,1024,"What is the purpose of searching the ""Configuration:Type:Issuance Authority"" property in AD FS","The purpose is not explicitly mentioned in this passage, so I cannot answer this question from this context."
146,aa23-347a_chunk_4.txt,1024,What is the purpose of testing security control inventory against ATT & CK techniques,"The purpose is to test the effectiveness of existing controls against specific threat behavior mapped out in the Mitre ATT and CK frameworks. By testing against these techniques and analyzing the results, organizations can identify areas for improvement and optimize their security posture against known threats."
147,aa23-075a_chunk_1.txt,1024,What is the purpose of creating the Mutex,"The passage does not explicitly specify the purposes of  creating the  Mutex, so I cannot answer this question from the provided context."
148,aa23-347a_chunk_2.txt,1024,What is the purpose of generating a directory with a specific name and storing infection specific BMP file there,"The purpose is to create a dedicated directory for storing the infection files, ensuring that the files are isolated from other system files and that they are not accidentally overwritten or deleted."
149,aa23-263a_chunk_2.txt,1024,What are some ways to mitigate the risk associated with using Remote desktop protocols (RDP),"The passage does not provide specific ways or techniques for mitigating the risks associated  with using  RDP, so I cannot answer this question from the provided context."
150,ar23-209a_chunk_2.txt,1024,What is purpose of using a Base  6 encoded shell string in a malware script,
151,aa20-275a_chunk_4.txt,1024,What is the main topic of the passage,"The main topics of this passage are the potential impact of ""Made In China""  
2.0 on global trade and national security."
152,icsa-24-046-11_chunk_8.txt,1024,What is the purpose of using the shared resource with improper synchronization in this exploit,
153,aa23-059a_chunk_6.txt,1024,"What is the purpose of gathering information about employee network information, network security appliances, MDM vendors, physical location of maintenance staff, database credentials, API credentials and bash script credentials",The purpose is to gather information that can be leveraged to exploit vulnerabilities and gain unauthorized access into the network.
154,icsa-24-102-08_chunk_2.txt,1024,What is the purpose of disabling the support for AVY531 in the OPEN SSL library,
155,icsa-23-166-10_chunk_0.txt,1024,What is the purpose of updating the ICS advisory for these Siemens products,
156,icsa-24-074-07_chunk_1.txt,1024,"What is the purpose of using a WEEP, CMP, and GMP encryption keys for fragmented frame encryption",
157,ar22-277a_chunk_4.txt,1024,"What are the differences between an MIFR and an MAR, how can they be requested, what is the purpose of submitting malware samples to each of these reports,  and what are some common suspicious activities that could trigger reporting","The passage does not provide any information about the difference between MIFRs and MARs, or how to request them, so I cannot answer this question from the provided context."
158,icsa-23-166-10_chunk_2.txt,1024,What is the purpose of using the `free_ pipe_ info()` function in this code,
159,icsa-24-074-07_chunk_11.txt,1024,What is the potential impact of the vulnerability if it is exploited,
160,aa23-250a_chunk_0.txt,1024,What is the purpose of removing unnecessary accounts from an enterprise,
161,aa21-356a_chunk_3.txt,1024,What type(s) of OT devices are most susceptible,"Answer: This context does not specify the type or types of devices that would most be susceptible, so I cannot answer this question from this context."
162,icsa-24-102-08_chunk_0.txt,1024,What is the purpose of using the PATH Traversal vulnerability  How can it be used to exploit the vulnerability and achieve remote execution,"The passage does  not provide any information about the  PATH Travers vulnerability or how it can  be used  to achieve  remote execution, so I cannot answer this question from the provided context."
163,aa23-187a_chunk_4.txt,1024,What is the best way to protect sensitive data in an environment that is segmented and has multiple layers of security,"Implement multiple security measures, such as strong password or active directory authentication, regular backups, encryption, multi-factor authenticaton, network segmentation, endpoint detection, vulnerability patching, phishing resistant multi factor authentication and regular testing."
164,aa22-320a_chunk_3.txt,1024,What is the purpose of creating non -privileged account for users,"The purpose is to create non –privileged  accounts for  users and assign them the minimal permission required to perform their assigned tasks, ensuring that the least privileged accounts are used for non privileged access."
165,aa23-319a_chunk_3.txt,1024,What are some mitigative measures that network administrators can implement to protect their systems and networks from ransomware attacks,"The passage provides several mitigatory measures for network administrator to implement, which include keeping operating system,software,and firmware updated, prioritizing patching of known vulnerabilities, segmenting networks, identifying and investigating abnormal activities, implementing time based access, disabling hyper links, encrypting backup and restore data, reviewing logging practices, conducting regular security testing and validation, tuning security programs based upon the performance analysis, reporting ransomware incident to FBI'S IC3, keeping backups secure and encrypted."
166,ar23-074a_chunk_5.txt,1024,What are the different types of malware reports that Cisa offers,"The passage does not specify the types  of malware  reports that  CISA offers, so I cannot answer this question from  the provided context."
167,icsa-24-046-11_chunk_7.txt,1024,What is the purpose of the `bts dio` function in `drivers/btdio/bts Dio.h`,
168,aa23-165a_chunk_0.txt,1024,What is the purpose of this cybersecurity advisory   What are the key takeaways from the passage,"The purpose is to provide a Cybersecurity advisory detailing the observed activities of  Lockbit ransomware and provide recommendations to help network defender improve network defense against Lockbit.

Key takeaways:
- Lock Bit is a highly active ransomware that has caused significant damage to organizations worldwide.
 - Lock bit has evolved rapidly over the past few years, with affiliates constantly modifying the tactics used in deploying ransomware
  - The number and variety of affiliates involved in ransomware activity is large, posing a significant challenge to network defenses."
169,icsa-24-074-07_chunk_8.txt,1024,What is the potential impact of CWE vulnerabilities in the context of Android operating system,
170,aa23-075a_chunk_0.txt,1024,What are the TIDs of Lock Bit  4 ransomware,"The passage does mention the existence of a TID for Lock bit 5, however, the passage doesnt mention any TIDS for the lock bit version."
171,aa23-144a_chunk_3.txt,1024,"What is the purpose of enabling the ""Include Command Line in Process Creation Events"" option in Windows event logs",
172,aa23-059a_chunk_5.txt,1024,What is the best way to mitigate the attack vector of unauthorized access attempts through the implementation of a principle- of-least-privilege approach,"Implement the Principle of Least Privilege by granting standard-user rights to only standard tasks, minimizing where standard account have access, separating administrator from users, disabling unnecessary software, requiring password changing for stored passwords, implementing end to end encryption, enforcing phishing resistant MFA, reducing credential compromises, placing domain administrator account in protected user group, enabling Protected process Light, retrain users on phishing attacks and enable phishing resistance MFA."
173,aa23-187a_chunk_0.txt,1024,What is the purpose of using TrueBot malware to steal sensitive information,The purpose is for  exfilating sensitive  data from compromised hosts for potential financial gains.
174,icsa-24-074-07_chunk_4.txt,1024,What is the potential impact of the vulnerability if user interactions are not required for the exploit,
175,aa23-278a_chunk_8.txt,1024,What is the purpose of providing the information requested in an incident report,"The purpose is to allow organizations to be aware of potential cyber threats and vulnerabilities, to take appropriate measures to mitigate them, improve their overall security posture, identify the source of anomalous behavior, track the evolution of cyber attacks, provide insights into the tactics, techniques,  and procedures (TTPs) used by cyber attackers, help organizations prioritize and address the most critical vulnerabilities and risks, prioritize security awareness training and awareness campaigns, implement security controls and best practices, conduct regular security assessments and penetration testing exercises"
176,icsa-24-074-07_chunk_5.txt,1024,What is the potential impact of these vulnerabilities if they are exploited,
177,aa23-250a_chunk_5.txt,1024,What is the minimum password length requirement for user passwords,"Answer: The passage doesnot specify the password minimum length, so I cannot answer this question from this context."
178,aa22-117a_chunk_0.txt,1024,What are the Top Five most frequently reported vulnerabilities exploited against Microsoft products in that year,"The passage does not specify the five most commonly reported vulnerability exploited on Microsoft Products in  that year, so I cannot answer this question from the provided context."
179,aa23-074a_chunk_2.txt,1024,What is the purpose of dropping the malicious payload in C:\\Windows\\Temp\\ directory,"The purpose is to provide a platform for the Reverse Shell utility to establish an outbound connection to a remote server, allowing the attacker to control the compromised system remotely."
180,icsa-24-046-11_chunk_9.txt,1024,What is the purpose of upgrading to version v14 or  v 7 5,"The passage does not specify the reason for upgrading, only that users are advised to do so."
181,aa22-320a_chunk_2.txt,1024,What are the potential risks associated if credentials are stored in the password store or browser,"The passage does not specify the specific potential risk associated when credentials stored on password or browsers are compromised, so I cannot answer this question from this context."
182,aa20-245a_chunk_2.txt,1024,What are some best practices to implement to mitigate the risk of remote access vulnerabilities,"The passage suggests the implementation of several best practice to effectively mitigate remote-access vulnerabilities, including:
- Restricing RDP Service Trust Across Multiple Network Zones
 - Implementing Privileged Account Monitoring and Short Time Password Lease for Remote Access
  - Implementing Enhanced and Continuous Monitoring of Remote Services
   - Enabling Credential Rotation and Reset
    - Patching VulNERabilities and Applying Security Updates
     - Limiting Access to Sensitive Resources
      - EducatIng Users on Security Principles and Actions
       -"
183,aa24-038a_chunk_7.txt,1024,What are the best security practices for managing privileged service credentials in a hybrid cloud and local environment,"The passage does not provide specific information about the management best practice for privileged services in hybrid environments, so I cannot answer this question from this context."
184,icsa-23-166-11_chunk_4.txt,1024,What is an example of a malicious file or payload that could exploit the CWE vulnerabilities mentioned in this passage,"The passage doesnot provide any examples of malicious files or payloads that exploit these vulnerabilities, so I cannot answer this question from the provided context."
185,aa20-301a_chunk_0.txt,1024,What is the purpose of using spear phishing to initially gain access to victims networks,"The purpose is to exploit social vulnerabilities and trick victims into clicking on malicious links or opening malicious attachments, giving Kimsumky access credentials and other sensitive information."
186,aa23-059a_chunk_0.txt,1024,What was the purpose of conducting the Cisa red-team assessment   What were the tactics used by the Red team,"The purpose was  to assess the organizations cyber-detection and -response capabilities, identify vulnerabilities,  and provide recommendations to improve their posture against cyberattacks.

The tactics employed by Red-Team were as follows:
- Gaining initial  access to workstations via Spear phishing emails
 - Conducting open -source  research to find potential target for Spear Phishing
  - Building rapport and gaining trust with targeted users
   - Sending tailored phishing email to identified targets
    - Downloading and executing"
187,aa24-038a_chunk_8.txt,1024,What are the best practices for collecting and storing logs related  to OT activities,"The passage does not provide specific best practice for collection and storage of logs regarding OT activity , so I cannot answer this question from the provided context."
188,aa22-055a_chunk_4.txt,1024,What is the purpose of this persistence file,"The purpose is not explicitly stated in the context, so I cannot answer this question from the provided context."
189,aa20-352a_chunk_1.txt,1024,What is the purpose of using obfuscated files or information for C&C communication,The purpose is to obfuscate the C & C communication by hiding the IP and domain name of communication.
190,aa24-109a_chunk_2.txt,1024,"What is the purpose of using the ""net group"" command in the context of acquiring detailed information about domain groups","The passage does not specify the purposes of utilizing the 'net groups' command, so I cannot answer this question from this context."
191,aa23-158a_chunk_4.txt,1024,What information can the authorities request from the public in order to investigate the MOVEi Transfer vulnerability,"The authorities can request the boundary log showing the communication between the victim and foreign IPs, sample ransom note and communications between CLOP group members, cryptocurrency wallet, decryption files and a legitimate sample file of the encrypted data."
192,aa20-245a_chunk_1.txt,1024,What is the potential impact of not collecting log and event data,The potential  impact of  not collecting  log and events data is that key  information about  the incident  may not  be determin able.
193,aa23-136a_chunk_2.txt,1024,What is the purpose of retrieving a detailed list  of domain trusts,The purpose is to help adversary determine the lateral move opportunities between domain computers.
194,aa23-339a_chunk_1.txt,1024,What is the purpose of using RC exe and fsc. exe to scan a subnet,The passage does not specify the purposes of RC and Fsc exe in scanning a network subnet.
195,icsa-24-046-11_chunk_1.txt,1024,What is the purpose of setting a specific size for `$state_file` in `logrotate`,
196,icsa-24-046-15_chunk_3.txt,1024,What is the purpose of using mod proxy with the Apache web server,"The passage does not specify the purposes of utilizing mod Proxy with Apache, so I cannot answer this question from this context."
197,aa23-278a_chunk_1.txt,1024,What is the purpose of enabling web enrollment for an Active directory certificate authority (CA),"The passage doesnot provide any information about the purposes of web enrolment for a CA, so I cannot answer this question from the provided context."
198,aa21-356a_chunk_0.txt,1024,What are the recommended mitigatory actions for organizations and vendors to address the vulnerability posed  by Apaches  Log  4 j library,"The recommended mitigation actions are:
- Identify assets  affected by  the Log 5j and  other Log5 j- related vulnerabilities
 - Upgrade Log  j  assets and affect  products to latest versions as  soon as available
  - Initiate hunt  and incident  response procedures  to detect  possible  exploitation
   - Implement  hunt  tools  for  vulnerability  detection
    - Conduct  security  reviews  of  IT  systems  
     - Report"
199,aa21-356a_chunk_2.txt,1024,What are the steps that should be taken to mitigate this Log  4 vulnerability,"The steps to take to mitigates the Log  5 vulnerability are as follows:
1). Use multiple methods to validate the effectiveness of mitigation.
2). Monitor assets for changes in configurations and logs.  
3). Continuously monitor vendor updates for patches and mitigation releases.   
4.). Block outbound TCP and UDP network traffics.    
5). Review operational architectures and identify vulnerable software."
200,aa23-165a_chunk_5.txt,1024,What are the key mitigatory controls mentioned in Figure three that help prevent lateral movements of malware,"The passage does not specify the specific mitigative controls that are mentioned or shown in figure three, so I cannot answer this question from the provided context."
201,aa22-277a_chunk_1.txt,1024,What is the purpose of using a strong 51-byte AES encryption key in this scenario,"The passage does not specify why the  45-character AES keys are used, so I cannot answer this question from this context."
202,aa23-320a_chunk_0.txt,1024,What are the tactics that Scatter Spider uses to gain initial and lateral access into a network,The passage does not specify the specific tactics used to get initial or lateral  access into the networks.
203,aa22-055a_chunk_3.txt,1024,What is an effective way to mitigate the risk of malicious activities using open-source tools,"The passage doesnot provide any information about an efficient way of mitigating the risks associated using Open-Source Tools, so I cannot answer this question fromthe provided context."
204,aa23-165a_chunk_3.txt,1024,What is the purpose of clearing Windows event logs   What are the indicators that are removed by clearing event log,"The purpose is to clear Windows error logs to remove any potential indicators of malicious activity or malware. 

The indicators removed are: 
- T-1718.1
 - T -1920
  -T-2240 


The passage does not specify the specific purpose or function of the indicator removal process."
205,aa23-325a_chunk_2.txt,1024,What is the purpose of saving the registry keys to files,
206,icsa-23-222-07_chunk_3.txt,1024,What is the recommended method for protecting the control network from unauthorized access,"The passage does not specify a recommended  method for  protecting the  control network, so I cannot answer this question from  the provided context."
207,aa22-055a_chunk_0.txt,1024,What are the indicators that suggest that a system may be compromised by Muddywater,"The passage does not specify any indicators or specific details about the systems that may have been compromised, so I cannot answer this question from the provided context."
208,aa20-275a_chunk_0.txt,1024,What are the vulnerabilities that Chinese State-Sponsored Cyber Actors have exploited in healthcare and financial sectors,"The passage doesnot provide specific vulnerabilities in these sectors, so I cannot answer this question from the provided context."
209,icsa-24-046-11_chunk_6.txt,1024,What is the purpose of sending specially constructed messages and how can this be used to exploit the vulnerability,
210,icsa-23-166-11_chunk_2.txt,1024,"What is an example of a race conditions vulnerability that could be exploited by a malicious actor using the vulnerability assigned in CVES 2, 14, and 6",
211,aa24-038a_chunk_11.txt,1024,What is the purpose of extracting and storing the NTdsdit file on local storage,"The passage does not specify the purposes of  extracting and  storing the  NTds dit file, so I cannot answer this question from this context."
212,ar23-243a_chunk_1.txt,1024,What is purpose and functionality  of the nedt component in Infamy Chiel malware,"The purpose  and functionality   of  the nedd component  in Infamly Chibel malware is  to collect and  exfilrate information  from compromised devices at regular intervals, including device  information, application  configuration,  system configuration, logs, configuration backup files, etc."
213,ar23-243a_chunk_4.txt,1024,What is the purpose of checking the value of `$` in `condition: int3２(uint3) = ０x４６４C４５7f and (any of these)` in rule `net_createdFiles`,
214,aa23-320a_chunk_1.txt,1024,What is the purpose of ScatterED SPIDER threatactors searching the Slack and Teams online platforms for email conversations and conversations about the intrusion,"The passage does not specify the purposes of the ScatterEd Spider Threatactors' searching of Slack or Teams platforms, so I cannot answer this question from the provided context."
215,aa23-187a_chunk_3.txt,1024,"What is the purpose of collecting and reviewing artifacts like running programs/ services, authenticfications, network connection details, etc.",The purpose is to gather information about the infected systems to help in incident investigation and remediation efforts.
216,aa23-059a_chunk_1.txt,1024,What is the purpose of obtaining the cache credentials from lsas. exe,The purpose is to enable the attackers to gain access credentials to domain controllers (DCs) on all the networks within their organization.
217,aa23-136a_chunk_5.txt,1024,What is the purpose of this notification and privacy policy,The purpose is to provide the recipient with information about the company's privacy practices and how they protect the information of their users.
218,aa24-038a_chunk_4.txt,1024,"What is the purpose of collecting sensitive data from the file system, such [ TA0208 ] and [ T1450 ]",The passage does not specify the purposes of collection of sensitive  data from file systems such  [ TA2288  ]  and [  T 4130 ].
219,icsa-24-046-11_chunk_0.txt,1024,What is the highest CVss score that could be achieved for this security advisory,"Answer: The CVs v score for all vulnerabilities is a  7,5."
220,icsa-24-074-07_chunk_10.txt,1024,What is the purpose of the `qr tr_sendmsg` function in `net/qtrtr`,
221,icsa-24-046-11_chunk_3.txt,1024,What is the simplest workaround to prevent the vulnerability described,
222,aa20-352a_chunk_3.txt,1024,What are the recommended mitigatory actions for Category3 networks according to Cisa,"The recommended mitigating actions are as follows:
- Rebuild hosts that are monitored and managed  by Solarwinds Orion
 - Reset credentials for Solarwind software
  - Audit and reset configurations on all managed devices
   - Change passwords for all accounts
    - Implement MFA
     - Use strong passwords
      - Regularly update software and firmware"
223,icsa-24-102-08_chunk_3.txt,1024,What is the purpose of the `xmlDictCalculateFastkey` function in `dict.C`,
224,aa23-213a_chunk_1.txt,1024,What is the purpose of the passage,"The purpose is to provide a detailed analysis and understanding of how the APT attackers exploited the CVE vulnerabilities in IvanTI EMM appliances, highlighting the various techniques and methods used in their exploit."
225,aa23-250a_chunk_4.txt,1024,What is the purpose of monitoring API call activity for suspicious activities,"The purpose is not explicitly mentioned in passage, but it can be inferred that monitoring api call activities for suspecious activities is a means to ensure that legitimate API requests are being made and to flag any suspicious or malicious activity that might be attempting to bypass security controls."
226,aa22-158a_chunk_3.txt,1024,What is the purpose of disabling remote management on a DLINK router,
227,aa21-008a_chunk_0.txt,1024,What is the purpose of using the open source tool Sparrow for network defender to identify compromised users and or applications,The purpose is to provide a focused and narrow set  of investigation tools to aid network defense against recent identity and authentcation based attacks.
228,aa23-075a_chunk_2.txt,1024,What is the purpose of deleting itself and what is its potential impact on LockBIT   3,"The purpose is to delete the itself to avoid being detected by the lockbit server. Deleting itself also prevents the bot from being used by other attackers.

The potential negative impact of deletion is that it will prevent the Bot from functioning properly and being able to carry out its intended tasks."
229,aa23-339a_chunk_2.txt,1024,"What is the purpose of the passage   What information is provided about threat detection, prevention, mitigation, vulnerability management, configuration upgrade, network security, software discovery, account discovery and domain trust discovery","The purpose  of the  passage is  to provide information and best practices to help organizations improve their cybersecurity postures by implementing mitigATIONS against threat  actor activity, aligning with CIPS Cybersecurity performance goals."
230,aa22-158a_chunk_4.txt,1024,What is the critical vulnerability that affects PhotoStation versions from  8.5 to 0,"The critical vulnerabilities that affect Photostation versions  from 8,5  to  
0 are not mentioned in this passage."
231,icsa-23-166-11_chunk_3.txt,1024,What is a potential exploit for the vulnerability described in this passage,
232,ar23-209a_chunk_0.txt,1024,"What is suspicious about the configuration file ""config_TR.g""  What does it contain that could potentially be used to exploit the vulnerability",
233,icsa-24-046-15_chunk_6.txt,1024,What is the purpose of using `process.bind()` in node.JS,The passage doesnot provide any information about the purposes of `Process.prototype. bind()` method in `node. js`.
234,aa23-278a_chunk_3.txt,1024,What are some ways that attackers can exploit vulnerabilities in network share and service data,"The passage does not specify any ways in which attackers could exploit vulnerability in Network share  and service  data, so I cannot answer this question from this context."
235,aa23-074a_chunk_0.txt,1024,What is the .net deserialzation vulnerability and how did it allow the attackers to execute code,The .Net desSerialization vulnerability allowed the attacker to use the Progress Telerik UI to perform remote execution of malicious code. The vulnerability was caused by an unpatched version  of the Telerik UI.
236,aa20-245a_chunk_3.txt,1024,What is an effective way to secure a Windows server running on an older version of Windows,"The passage suggests the implementation of asset  and patch  management processes, audit for unnecessary  services, configure and  monitor system  logs via  a centralized  security information   and   event  manager ( SIEM ) appliance, restrict egress  web traffic, enable restricted  admin  mode, limit remote  access by using  jump  servers,  implement  an  intrusion  detection  system ( IDS ), apply continuous  monitoring, send alerts  to a  SI EM tool, monitor internal"
237,aa23-320a_chunk_2.txt,1024,What is the purpose of collecting data about different attack vectors and techniques used in ransomware attacks,"The purpose is to understand how attackers are using these vectors to exfiltrate data, establish access, compromise systems and ultimately achieve their goals."
238,icsa-23-166-10_chunk_1.txt,1024,What is the purpose of using the `strtoup` function instead of `atoi` when parsing a string into an integer,
239,aa23-165a_chunk_6.txt,1024,What are the best practices for developing and implementing an IT Security Awareness Program,"The passage doesnot provide any information about the Best Practices for Developing and Implementing an Information Technology Security  Awareness Program, so I cannot answer this question from the provided context."
240,aa21-062a_chunk_2.txt,1024,What is the purpose of capturing memory from an operating system,The purpose is to capture memory of an Operating System for analysis and troubleshooting purposes.
241,icsa-23-166-10_chunk_4.txt,1024,What is the purpose of the Privacy and Use Policy,"The purpose is to provide a clear understanding of how the Vendor, Siemens, handles the personal data of its customers and how they use this data."
242,ar21-134a_chunk_3.txt,1024,What are the time-bound and time escalated domain privileges that need be established for the purpose of implementing Jea for Domain Controller access,"The passage doesnot specify the specific time or time scaled privileges for implementing the J EA for  Domain Controller Access, so I cannot answer this question from this context."
243,aa23-144a_chunk_2.txt,1024,What is the purpose of using the PowerShell command `Get-WmiObject -Class Win31_PerfFormattedEventlogEntry`,"The purpose is to retrieve and display detailed information of specific events from the Winlog3.x event log, specifically focusing on events related to actor activities and network changes."
244,aa21-356a_chunk_1.txt,1024,What is the best way to determine the version and timestamp of a specific asset,"The passage does not specify the method for determining the specific version or timestamp for a particular asset, so I cannot answer this question from this context."
245,aa23-347a_chunk_1.txt,1024,What is the purpose of using multiple backends for exfiltration,The passage does not specify the reason for using multi-backends for the extration process.
246,ar21-134a_chunk_1.txt,1024,What are the steps that should take place to ensure that the internal system can access the Internet during an eviction process,"The passage does not provide any information about the necessary steps to take to enable the Internal Systems to access Internet, during a process of eviction."
247,aa21-209a_chunk_1.txt,1024,What is the most effective way to mitigate the risk of exploiting this CVE,Implement the proper refresh builds according the vulnerabilities details provided by each vendor.
248,ar23-243a_chunk_3.txt,1024,What is the purpose and functionality of remove-file flag in drop bear,The purpose is  to collect and extract the run command from remove file flag and use it as an indication that SSH is running on a server.
249,aa23-136a_chunk_3.txt,1024,What is the purpose of implementing credential guard for windows 8 and server 6,The purpose is to implement credential Guard to protect against credential theft and unauthorized access. Credential guard is an additional layer of security that adds an extra layer to password protection by requiring users to enter a code in addition  to their password when logging in.
250,aa23-263a_chunk_0.txt,1024,What are the different ways that Snitch threat actor use to access and establish persistence in a victims network,"The different way that the Snit threat  actor use  to access  and establish  persistence in  a victims  network are:
- Exploiting weaknesses  in Remote  Desktop Protocol  (RDP )
 - Compromising administrator  accounts
  - Compromping credentials  from criminal  forums/ marketplaces
   - Establishing connections  over port  4  for  command  control"
