Filename,Chunk Size,Generated Question,Generated Answer
home-network-security_chunk_2.txt,2048,What is the best way to secure your WiFi router?
aa23-278a_chunk_4.txt,2048,"What is the purpose of providing the information in Appendix Table?

The purpose is to give organizations a comprehensive understanding of how cyber attackers can potentially exploit vulnerabilities in their systems and networks by providing a detailed list of ATT & CK techniques, techniques and tactics that attackers may employ to exploit these vulnerabilities."
aa22-055a_chunk_2.txt,2048,What is the purpose of this persistence file?
aa22-117a_chunk_1.txt,2048,What is the purpose of using the Remote PowerShell feature in Exchange server?
aa20-301a_chunk_1.txt,2048,What is the purpose of collecting data and sending them through the email?
aa22-320a_chunk_1.txt,2048,What is the purpose of monitoring for executed command history and logged commands on systems to detect suspicious behavior?
aa23-187a_chunk_2.txt,2048,What is the best way to protect sensitive data in an environment that is segmented and has multiple layers of security?
aa24-038a_chunk_0.txt,2048,"What is the main purpose of applying the mitigation strategies outlined in  the advisory?

The main purposes of implementing the proposed mitigation strategy are to prevent the attackers from gaining further access or compromising critical IT infrastructure within their networks, disrupt their access methods and capabilities, reduce their ability to conduct disruptive activities, prevent lateral movements to other critical assets, minimize the impact of any potential attacks and incidents, improve the overall security posture of IT systems, detect and prevent similar attacks in real- time."
ar21-134a_chunk_2.txt,2048,What is the purpose of the 5-day internet disconnect for agency network?
aa23-158a_chunk_2.txt,2048,What information can the authorities request from the public in order to investigate the MOVEi Transfer vulnerability?
aa22-277a_chunk_2.txt,2048,What is the purpose of using the `set. exe` command to modify the environment?
aa23-319a_chunk_2.txt,2048,"What is the purpose of this passage?

Answer: The purpose is to provide users with information about the version history of the product, including the initial version and the date of each update."
ar21-134a_chunk_0.txt,2048,What are some of these tasks that need be performed in each phase of evicing the malware?
icsa-24-046-15_chunk_4.txt,2048,What is the purpose of reporting suspected suspicious activity to the CISC?
aa23-215a_chunk_2.txt,2048,What are the two new vulnerabilities associated  with Microsoft  Exchange?
aa22-158a_chunk_2.txt,2048,What is the critical vulnerability that affects PhotoStation versions from  8.5 to 0?
icsa-24-074-07_chunk_6.txt,2048,What is the potential impact of the out of-bound read vulnerability in f dt_ path_ offset_ namelen?
aa20-245a_chunk_0.txt,2048,What are some best ways to collect relevant artifacts and information during an investigation?
aa22-277a_chunk_0.txt,2048,What is the purpose of using Impactet in an APT attack?
aa23-165a_chunk_1.txt,2048,What is the purpose of collecting credentials and storing them for future use?
home-network-security_chunk_0.txt,2048,"What is the main idea of this passage?

The main Idea of This Passage is Home Network Security and Why You Should Care.

It explains the importance of protecting a Home Networks and how simple steps can help to mitigate the risk and improve security, reducing the likelihood of successful cyberattacks."
aa20-275a_chunk_2.txt,2048,What is the main topic of the passage?
aa23-278a_chunk_2.txt,2048,What is the purpose of implementing the recommendations outlined in each table?
aa23-059a_chunk_3.txt,2048,What is the purpose of testing security control inventory against MITre ATT & CK techniques?
aa24-038a_chunk_3.txt,2048,"What is a key recommendation for improving the cybersecurity of an organization's network?

The passage does not explicitly specify a single key recommended for improvement, so I cannot answer this question from this context."
aa23-165a_chunk_2.txt,2048,What are some best security practices for preventing ransomware from gaining access and accessing sensitive data?
aa23-278a_chunk_0.txt,2048,"What is the purpose of providing this information?

The purpose is to provide a comprehensive understanding of common misconfiguration vulnerabilities in network environments and to offer actionable recommendations to mitigate these vulnerabilities and improve the overall security of networks and systems by implementing secure practices and best practices."
aa24-109a_chunk_1.txt,2048,Which security control is most effective in preventing the execution of malicious software and protecting against ransomware attacks?
aa24-038a_chunk_2.txt,2048,What is the potential impact of this attack on physical infrastructure and critical systems?
ar22-277a_chunk_2.txt,2048,"What are the differences between an MIFR and an MAR, how can they be requested, what is the purpose of submitting malware samples to each of these reports,  and what are some common suspicious activities that could trigger reporting?"
aa23-059a_chunk_2.txt,2048,What are the potential risks associated to using the KRbtGT service for domain authentication?
home-network-security_chunk_1.txt,2048,What is the purpose of changing the factory default password for software?
aa23-075a_chunk_1.txt,2048,"What is the purpose of using the Advanced encryption Standard in LockBIT  
3?"
icsa-24-102-08_chunk_2.txt,2048,What is the purpose of reporting vulnerabilities to the Cisa?
icsa-23-166-10_chunk_2.txt,2048,What is the purpose of the Privacy and Use Policy?
aa21-062a_chunk_1.txt,2048,What is the purpose of capturing memory from an operating system?
aa23-165a_chunk_0.txt,2048,"What is the purpose of providing this information? 
What are the key takeaways from the passage?"
aa23-263a_chunk_1.txt,2048,What is the purpose of auditing remote Access tools to determine if they are currently being used or authorized?
aa23-061a_chunk_1.txt,2048,"What is the purpose of implementing a password policy according the NIST standards?

Answer: According to NIST, implementing password best practice according standards helps to ensure the security of accounts and sensitive data by requiring longer and more complex passwords, storing passwords securely, enforcing password complexity requirements, preventing password reuse, enabling multi-factor login, disabling password hint, requiring administrator credential installation, using multi factor authentication, reducing the risk of using command and script tools for lateral access, maintaining offline data backups, encrypting and storing"
aa20-245a_chunk_2.txt,2048,"What is a key recommendation for securing sensitive network information?

Answer: Use private virtual LAN to isolated a network segment from other broadcast domain."
icsa-23-166-11_chunk_4.txt,2048,What is the purpose of enabling certificate validation policy in OpenVPN?
aa20-301a_chunk_0.txt,2048,What is the purpose of Kimsury' s spear phishing and water hole attack methods?
aa23-059a_chunk_0.txt,2048,What is the purpose of conducting regular tests within a critical Infrastructure organization?
aa20-352a_chunk_1.txt,2048,What is a potential threat that may arise from legitimate SolarWind Orion users applying VPN solutions?
aa20-245a_chunk_1.txt,2048,What is an appropriate way to secure a Remote desktop service?
aa23-136a_chunk_2.txt,2048,What is the purpose of using PowerShell commands to remotely connect to and manage a remote desktop server?
aa23-339a_chunk_1.txt,2048,"What is the purpose of the passage?

The purpose is not explicitly stated in  the passage, but it can infer that the goal is  to provide information and insights about how threat  actors can exploit vulnerabilities in Coldfusion applications and how to mitigate these vulnerabilities to enhance the overall security of web applications."
aa22-277a_chunk_1.txt,2048,What is the purpose of monitoring for impossible login attempts and searching for signs that a legitimate user has applied VPN before logging in to a network?
aa23-320a_chunk_0.txt,2048,What are the recommended steps for critical Infrastructure organizations (CIOs)? CIOs should implement to mitigate the risk of Scatterred Spider attacks?
aa23-165a_chunk_3.txt,2048,What are the best practices for developing and implementing an IT Security Awareness Program?
aa23-325a_chunk_2.txt,2048,What are the best ways to protect sensitive and proprietary information and server data in an environment where PsEXEC operations are required?
icsa-23-222-09_chunk_2.txt,2048,What is the attack complexitiy of the vulnerability?
aa20-275a_chunk_0.txt,2048,What are the commonly known techniques and tools used for reconnaissance and attack by China state actors?
aa23-144a_chunk_2.txt,2048,"What is the purpose of using the ""Aes.Encrypt"" method in ShellJS?"
aa21-356a_chunk_1.txt,2048,"What is the purpose of monitoring the assets for potential signs and symptoms of Log 
4 j vulnerability exploitation?"
ar21-134a_chunk_1.txt,2048,What is the purpose of monitoring for successful login attempts resulting  from these password resets?
