,Filename,Chunk Size,Generated Question,Generated Answer
0,aa23-278a_chunk_6.txt,1024,What are the best ways for mitigating the risks associated with storing sensitive information in web applications,
1,ar23-209a_chunk_3.txt,1024,What information can the attacker obtain from a BSMTP server by sending an encoded or encrypted input,
2,icsa-24-074-11_chunk_1.txt,1024,What is the purpose of the provided CVEs and how can they be exploited,
3,home-network-security_chunk_2.txt,1024,What are some ways to secure the factory default settings on computer and software products,
4,aa23-325a_chunk_0.txt,1024,What is the purpose of providing the IOC and TLPs associated Lock Bit   3 0 in the joint cybersecurity advisory,
5,icsa-24-074-11_chunk_2.txt,1024,What is the purpose of using external-control format strings in web pages,
6,aa23-278a_chunk_4.txt,1024,What are the best practices for mitigating default configurations on software applications,
7,ar23-243a_chunk_0.txt,1024,What is the purpose of collecting and collATING information on active devices,
8,icsa-24-046-15_chunk_7.txt,1024,"What is the value of ""2"" in ""name"" within the passage","The passage does mention the length of name as 0 to  750 bytes. However, it does provide no information about the exact value."
9,icsa-24-046-11_chunk_11.txt,1024,What is the purpose of using `#cGO LDFLAG` when building a Go program,
10,aa23-074a_chunk_1.txt,1024,What is the purpose of uploading malicious code to C\Windows \Temp \ directory,
11,icsa-24-046-11_chunk_13.txt,1024,What is the purpose of the _x-key-data_ variable in _kadmind5,_
12,aa23-250a_chunk_2.txt,1024,What is the purpose of dropping an ASPx web sheller on an Owa server,
13,aa23-325a_chunk_1.txt,1024,What is the purpose of the lock file and how can it be exploited to gain access or control of a system,
14,aa20-352a_chunk_0.txt,1024,What is the purpose of investigating the incidents where activity indicates abuse  of SAML tokens,
15,aa23-215a_chunk_1.txt,1024,What are the top 5 most frequently exploited vulnerability classes according to this passage,
16,aa22-055a_chunk_2.txt,1024,What is the purpose of using obfuscating techniques in malware,
17,home-network-security_chunk_3.txt,1024,What is the main purpose of disabling UPNP when its not required,"The passage does not explicitly state the purpose, so I cannot answer this question from the provided context."
18,home-network-security_chunk_4.txt,1024,What is the best way to secure your WiFi router,
19,aa23-061a_chunk_2.txt,1024,What is the purpose of implementing a password policy according the NIST standards,"Answer: According to NIST, implementing password best practice according standards helps to ensure the security of accounts and sensitive data by requiring longer and more complex passwords, storing passwords securely, enforcing password complexity requirements, preventing password reuse, enabling multi-factor login, disabling password hint, requiring administrator credential installation, using multi factor authentication, reducing the risk of using command and script tools for lateral access, maintaining offline data backups, encrypting and storing"
20,aa22-117a_chunk_1.txt,1024,What are the best practices for managing internet facing equipment and protecting against vulnerabilities,
21,aa20-301a_chunk_1.txt,1024,What is the purpose of setting the privileges in Figure one   What are the methods used by attackers to achieve this privilege escalation,
22,aa22-320a_chunk_1.txt,1024,What is the purpose of disabling Windows defender via GUI and implanting NGROk executable and configurations files,
23,aa22-158a_chunk_1.txt,1024,What is the purpose of configuring the remote interface and updating the IP addresses on it,
24,aa21-209a_chunk_2.txt,1024,What is the purpose of reading the file sslVPN_webession and what could be the potential consequences of doing so,
25,aa23-158a_chunk_3.txt,1024,What is the purpose of implementing application control to block both outbound and inbound connections to common software applications,
26,icsa-24-074-07_chunk_9.txt,1024,What is the potential impact of the vulnerability in the getalias method of bluetoothdevice. java   How can the exploit be carried out,
27,icsa-24-046-15_chunk_0.txt,1024,What is the potential impact of exploiting these vulnerability on a Siemens network,
28,aa23-136a_chunk_1.txt,1024,What is the purpose of adding useraccounts to RemoteDesktop Users Group,
29,aa23-215a_chunk_4.txt,1024,What are the two new vulnerabilities associated  with Microsoft  Exchange,
30,icsa-23-166-10_chunk_3.txt,1024,What is the length of hostname that the function can handle,"The passage does not specify the maximum length for the hostname, so I cannot answer this question from the provided context."
31,aa23-339a_chunk_3.txt,1024,What is the purpose of implementing application-aware defenses in the context of cybersecurity,
32,aa23-187a_chunk_2.txt,1024,What is the purpose of using removable drives in the context of malicious activity,
33,aa24-038a_chunk_0.txt,1024,What is the main purpose of implementing phishing resistant MFA,
34,icsa-24-046-11_chunk_4.txt,1024,What is the purpose of splitting the string arguments in git,
35,ar21-134a_chunk_2.txt,1024,What is the purpose of rotating secrets related to remote MFA tokens,
36,icsa-24-074-07_chunk_12.txt,1024,What is the potential impact of the out of-bound read vulnerability in f dt_ path_ offset_ namelen,
37,icsa-24-046-15_chunk_2.txt,1024,What is the time complexitiy of converting an OBJECT_IDENTIFIER to it s decimal equivalent,
38,icsa-24-074-11_chunk_3.txt,1024,What is the recommended mitigation for CVE - 03432,
39,icsa-24-046-11_chunk_12.txt,1024,What is the purpose of using a random seed generator in a cryptographic application,
40,icsa-24-074-07_chunk_0.txt,1024,What is the potential impact of this security advisory on Android devices,
41,icsa-23-166-11_chunk_7.txt,1024,What is the purpose of upgrading the past commits mentioned in these vulnerabilities,
42,aa22-277a_chunk_2.txt,1024,What are some of these suspicious activities that could indicate that a potential threat is present,
43,aa23-319a_chunk_2.txt,1024,What is the purpose of the passage   What are some of its key takeaways,
44,aa21-062a_chunk_3.txt,1024,What are the updated mitigations for Microsoft Office 64,
45,ar21-134a_chunk_0.txt,1024,What are some of the key steps that should take place during the pre-eviction phase of Category3 organizations mitigation plan,
46,aa23-201a_chunk_0.txt,1024,What is the vulnerability that allows threat actor to exploit the CVE,"Answer: The vulnerability is CVE 0f22-0c0a, affecting versions 3 and 7 of CitRIX NetScalers."
47,ar23-243a_chunk_2.txt,1024,What is the purpose of running the NdbR utility,
48,aa23-136a_chunk_0.txt,1024,What is the purpose of using PowerShell to enable the installation of remote access tools on victims systems,
49,aa21-209a_chunk_0.txt,1024,What are the Top 5 most commonly targeted vulnerability by hackers in the last two year,
50,aa20-301a_chunk_3.txt,1024,What is the purpose of the passage  What are the key takeaways from the text,
51,icsa-24-046-15_chunk_4.txt,1024,What is the purpose of matching wildcard characters in a Subject Alternative Names (SAN) in SSL certificates,
52,aa24-109a_chunk_0.txt,1024,"What are the best practices to protect systems from the newly observed variant, ""Akira v2""",
53,icsa-24-046-15_chunk_1.txt,1024,What is the purpose of using the `d2 i_PKCS 8` function,
54,aa21-062a_chunk_0.txt,1024,"What is the purpose of running the ""Test-proxyLogons.p1"" script",
55,aa20-301a_chunk_2.txt,1024,What is the purpose of collecting data through the keystroke logger and sending the copy to different accounts,
56,aa24-038a_chunk_1.txt,1024,What is the purpose of the passage,"The purpose is not explicitly stated in this passage, so I cannot answer this question from this context."
57,aa23-144a_chunk_0.txt,1024,What is an effective way to identify and mitigate this threat,
58,aa23-215a_chunk_2.txt,1024,What is the purpose of the patch manager system and how does it help in patch application priorititization,
59,icsa-24-046-11_chunk_5.txt,1024,What is the purpose of setting `multiprocessing. util. abstract_socket_support_false` to `False`,
60,icsa-24-074-07_chunk_3.txt,1024,What is the potential impact of the double-free vulnerability in s dp_ discovery. cc,
61,aa24-038a_chunk_5.txt,1024,What is the potential impact of detecting a VPN connection to an external server within an industrial automation system,
62,aa23-215a_chunk_0.txt,1024,What are the 5 most frequently reported vulnerabilities exploited  by malicious actors,
63,aa21-209a_chunk_5.txt,1024,What is the immediate threat posed by exploiting the vulnerabilities in Domain controllers,
64,aa20-275a_chunk_3.txt,1024,What is the purpose of monitoring and reporting database ( RDB ) version2,
65,icsa-23-166-11_chunk_0.txt,1024,What is the highest severity of vulnerability listed in CVss v  3,"Answer: The highest vulnerability severity listed is <b>7,8</b>, based on CVs v score    The vulnerability with the CVv score is a remote code exploit that could potentially allow a malicious actor to gain full control of a Siemens SIMatic S 	7 - 		1 0 			product."
66,aa23-144a_chunk_1.txt,1024,What is the purpose of creating a folder hierarchy in C\Windows\<path> for storing the copied nt ds. dit and system registry files,
67,aa23-215a_chunk_3.txt,1024,What is the purpose of the HTTP server vulnerability mentioned in this passage,
68,aa20-352a_chunk_2.txt,1024,What is the purpose of checking the timestamps of SAMLL tokens to determine if they were issued within the hour before or after the login time,
69,aa23-074a_chunk_3.txt,1024,What is the purpose of centralizing log data and implementing long retention periods for incident analysis,
70,aa23-347a_chunk_3.txt,1024,"What is the purpose of the registry hives used in this attack  Why were they used, what data was stored, how was the data accessed,  and what was used for malicious purposes",
71,aa23-059a_chunk_4.txt,1024,What are the potential risks associated with compromised krBTgt credentials,
72,aa22-158a_chunk_0.txt,1024,What are the most common network vulnerabilities that PRC State-Sponsored Cyber Actors exploit in their attacks,Answer: The most commonly exploited network vulnerability by PRCs state sponsored cyber attackers is the Common Vulnerability and Exposure (CVE) list listed within the passage.
73,icsa-24-046-15_chunk_5.txt,1024,What is the purpose of using an Invalid Public Key to sign an X5 01 certificate,
74,icsa-23-166-11_chunk_9.txt,1024,What are the recommended measures for protecting oneself from phishing attacks,
75,aa24-109a_chunk_3.txt,1024,What is the recommended approach for validating security control inventory against ATT & CK techniques,
76,aa23-074a_chunk_5.txt,1024,What is the importance and role of network segmentations in preventing threat actors from lateral movements within a network,
77,aa23-320a_chunk_3.txt,1024,What is the purpose of implementing a security monitoring and reporting tool  How can this tool help in identifying and preventing ransomware attacks,
78,aa21-008a_chunk_1.txt,1024,What is another way of detecting suspicious activity related to domain and federations modifications,
79,aa23-325a_chunk_4.txt,1024,What are the best ways to protect sensitive and proprietary information and server data in an environment where PsEXEC operations are required,
80,aa23-339a_chunk_0.txt,1024,What is the purpose of enabling multi-factor Authentication ( MFA) on web services,
81,aa23-250a_chunk_3.txt,1024,What is the purpose of using the Hello world string in an attackers initial communication with a target system,
82,aa23-201a_chunk_1.txt,1024,What is the purpose of implanting the Ex executable and linkable format (elf) on a victims system,
83,aa23-319a_chunk_0.txt,1024,What are the best practices to protect organizations from Rhysada ransomware,
84,aa21-209a_chunk_4.txt,1024,What is the purpose of using AsyncuploadHandler object in Rce vulnerability,
85,aa22-158a_chunk_2.txt,1024,What is the purpose of providing this information,"The purpose is to provide a comprehensive understanding of vulnerabilities and potential risks associated with Cisco and Draytek products and software, with a focus on providing relevant information for cybersecurity professionals and incident response teams."
86,aa24-038a_chunk_10.txt,1024,What is the purpose of extracting and displaying details of successful login events in an ActiveDirectory environment,
87,icsa-24-046-11_chunk_2.txt,1024,What is the potential impact of this bug on the security of a container running on Kubernetes,
88,ar21-134a_chunk_4.txt,1024,What is the purpose of the 5-day internet disconnect for agency network,
89,icsa-24-074-07_chunk_6.txt,1024,What is the potential impact of the out of-bound write vulnerability in the BtmScn.c file,
90,aa23-074a_chunk_4.txt,1024,What is a string that appears in both events but has different timestamps,
91,aa20-245a_chunk_0.txt,1024,What are some best-practice mitigation strategies that should be implemented to avoid exposing the presence of an adversary in a computer network,
92,aa22-277a_chunk_0.txt,1024,What is the purpose of implementing network segmentations to protect against APT,
93,aa23-165a_chunk_1.txt,1024,What is the percentage of ransomware-related activity that is attributed specifically to Lockbit affiliates,"Answer: The passage does not specify the exact percentage, so I cannot answer this question from the provided context."
94,aa24-038a_chunk_6.txt,1024,What are the best ways to mitigate the risk of malware infection on IoT devices,
95,home-network-security_chunk_0.txt,1024,How can users improve their homes network security by following the mitigation strategies mentioned in the passage,
96,aa20-245a_chunk_4.txt,1024,What is a key recommendation for securing sensitive network information,Answer: Use private virtual LAN to isolated a network segment from other broadcast domain.
97,aa23-213a_chunk_0.txt,1024,What is the critical authorization bypass vulnerability that allows attackers to potentially gain full access and control over Ivaniti Endpoint Management Mobile,
98,aa20-275a_chunk_2.txt,1024,What are the most effective ways to prevent and mitigate the threat of adversary Malware using the recommended actions,
99,aa23-278a_chunk_2.txt,1024,What are the best practices to prevent lateral spread and maintain network security,
100,aa22-277a_chunk_4.txt,1024,What is the purpose of using the `set. exe` command to modify the environment,
101,icsa-24-074-07_chunk_2.txt,1024,What is the purpose of the tapjack overlay in the Bluetooth permission request activity,
102,aa21-209a_chunk_3.txt,1024,What is the purpose of disabling Equation editor in Confluence Data center,"Answer: The purpose is to prevent code from being executed through the widget connector macro, enabling Rce on susceptible systems"
103,ar23-243a_chunk_5.txt,1024,What is the purpose of the `pty` variable in the provided passage,
104,aa23-325a_chunk_3.txt,1024,What is the purpose of checking the value of `filesize` variable in the given passage,
105,aa23-158a_chunk_0.txt,1024,What is an effective way to prevent CLOP ransomware from accessing sensitive data and systems,
106,aa23-278a_chunk_5.txt,1024,What is the purpose of implementing a secure password management solution   What are the benefits of using a strong password,
107,aa23-278a_chunk_9.txt,1024,What are the different ways that attackers can gain access and compromise remote services,
108,aa22-055a_chunk_1.txt,1024,What is a potential exploit that could be used against the target system to gain access and execute code,
109,aa23-059a_chunk_3.txt,1024,What are the key vulnerabilities that could have contributed  to the lack of response to Phase 2 events,
110,aa24-038a_chunk_3.txt,1024,What is the purpose of capturing and removing sensitive logs from a compromise,
111,icsa-24-046-11_chunk_10.txt,1024,What is the purpose of using a CVss base vector with the string ( CVCS:1:AVN:ACL:PRNUI RNS:S) in vulnerability  3 2.,
112,aa22-277a_chunk_3.txt,1024,What is the purpose of disabling cleartext administration and disabling all other remote administration tools,
113,aa23-136a_chunk_4.txt,1024,What is the purpose of disabling the AMI (Anti-Malware Interface) on windows   How does this affect the security of a system,
114,aa23-165a_chunk_2.txt,1024,"What is the purpose of using the ""Web Protocols"" application layer protocol in file transfers",
115,icsa-23-166-11_chunk_6.txt,1024,What is the purpose of using the CVss v 2 base scores in this context,
116,icsa-24-102-08_chunk_4.txt,1024,What is the purpose of reporting vulnerabilities to the Cisa,
117,aa23-278a_chunk_0.txt,1024,What are the ten most commonly reported network configuration misconfiguration vulnerabilities,
118,aa23-263a_chunk_3.txt,1024,What is the purpose of installing antivirus on hosts  How can antivirus be used to detect and prevent ransomware attacks,
119,icsa-23-166-11_chunk_1.txt,1024,What is the purpose of using OpenSSL s re-hash functionality,
120,aa23-165a_chunk_4.txt,1024,What is the best way to implement leastprivilege access control in the context of ransomware attacks,
121,aa21-008a_chunk_2.txt,1024,What is an effective way to monitor the telemetry data in Azure for suspicious activity,
122,icsa-23-166-11_chunk_8.txt,1024,What is the purpose of enabling certificate validation in OpenVPN,
123,aa23-059a_chunk_7.txt,1024,What is the purpose of storing SSH password information in the bash historical file,
124,icsa-24-102-08_chunk_1.txt,1024,What is the purpose of adding a `BIO_filter BIO` to front the ` BIO ` chain in `B62_Write_ ASN 2` function,
125,aa23-347a_chunk_0.txt,1024,What is the potential impact of exploiting this vulnerability on software engineers and their source codes,
126,icsa-23-166-11_chunk_5.txt,1024,What is the purpose of the CVss vector in this code,
127,aa23-201a_chunk_3.txt,1024,What is the purpose of the passage,The purpose is to provide information about a security vulnerability and how organizations can mitigate it.
128,aa23-061a_chunk_0.txt,1024,What is the percentage or percentage range of files that are encrypted by the Royal ransomware,
129,aa23-319a_chunk_4.txt,1024,What is the purpose of this passage,"Answer: The purpose is to provide users with information about the version history of the product, including the initial version and the date of each update."
130,icsa-23-222-09_chunk_4.txt,1024,What is the attack complexitiy of the vulnerability,
131,aa23-158a_chunk_1.txt,1024,What is the purpose of downloading and running the FLAWEDGRACE or COBAL STK beacons,
132,aa23-250a_chunk_1.txt,1024,What is the purpose of the .txt files downloaded from C#,
133,aa23-201a_chunk_2.txt,1024,What is the purpose of the file named *logintm*.php,
134,aa22-117a_chunk_2.txt,1024,What is the purpose of using the Remote PowerShell feature in Exchange server,
135,aa23-347a_chunk_5.txt,1024,What is the purpose of modifying the `internal properties` file,
136,aa24-038a_chunk_9.txt,1024,What is the purpose of testing security control inventory against ATT & CK techniques,
137,aa24-038a_chunk_2.txt,1024,"What is the purpose of using legitimate, outdated network tools for credential access and discovery",
138,aa23-144a_chunk_4.txt,1024,"What is the purpose of using the ""Aes.Encrypt"" method in ShellJS",
139,aa20-275a_chunk_1.txt,1024,What are some ways to effectively detect the PREATT & CK techniques used against an enterprise network,
140,icsa-24-046-15_chunk_8.txt,1024,What is the purpose of reporting suspected suspicious activity to the CISC,
141,aa23-059a_chunk_2.txt,1024,What is the purpose of using SSH session files to access hosts  How does this technique contribute to gaining root privileges on SBS,
142,home-network-security_chunk_1.txt,1024,What is the best way to protect your wireless router from a potential attack,
143,aa22-320a_chunk_0.txt,1024,What is the purpose of implanting NGROK reverse Proxy on hosts,
144,aa23-075a_chunk_3.txt,1024,What is the purpose of implementing a monitoring and reporting tool for network activity,
145,aa21-008a_chunk_3.txt,1024,"What is the purpose of searching the ""Configuration:Type:Issuance Authority"" property in AD FS",
146,aa23-347a_chunk_4.txt,1024,What is the purpose of testing security control inventory against ATT & CK techniques,
147,aa23-075a_chunk_1.txt,1024,What is the purpose of creating the Mutex,"The passage does not explicitly specify the purposes of  creating the  Mutex, so I cannot answer this question from the provided context."
148,aa23-347a_chunk_2.txt,1024,What is the purpose of generating a directory with a specific name and storing infection specific BMP file there,
149,aa23-263a_chunk_2.txt,1024,What are some ways to mitigate the risk associated with using Remote desktop protocols (RDP),
150,ar23-209a_chunk_2.txt,1024,What is purpose of using a Base  6 encoded shell string in a malware script,
151,aa20-275a_chunk_4.txt,1024,What is the main topic of the passage,
152,icsa-24-046-11_chunk_8.txt,1024,What is the purpose of using the shared resource with improper synchronization in this exploit,
153,aa23-059a_chunk_6.txt,1024,"What is the purpose of gathering information about employee network information, network security appliances, MDM vendors, physical location of maintenance staff, database credentials, API credentials and bash script credentials",
154,icsa-24-102-08_chunk_2.txt,1024,What is the purpose of disabling the support for AVY531 in the OPEN SSL library,
155,icsa-23-166-10_chunk_0.txt,1024,What is the purpose of updating the ICS advisory for these Siemens products,
156,icsa-24-074-07_chunk_1.txt,1024,"What is the purpose of using a WEEP, CMP, and GMP encryption keys for fragmented frame encryption",
157,ar22-277a_chunk_4.txt,1024,"What are the differences between an MIFR and an MAR, how can they be requested, what is the purpose of submitting malware samples to each of these reports,  and what are some common suspicious activities that could trigger reporting",
158,icsa-23-166-10_chunk_2.txt,1024,What is the purpose of using the `free_ pipe_ info()` function in this code,
159,icsa-24-074-07_chunk_11.txt,1024,What is the potential impact of the vulnerability if it is exploited,
160,aa23-250a_chunk_0.txt,1024,What is the purpose of removing unnecessary accounts from an enterprise,
161,aa21-356a_chunk_3.txt,1024,What type(s) of OT devices are most susceptible,"Answer: This context does not specify the type or types of devices that would most be susceptible, so I cannot answer this question from this context."
162,icsa-24-102-08_chunk_0.txt,1024,What is the purpose of using the PATH Traversal vulnerability  How can it be used to exploit the vulnerability and achieve remote execution,
163,aa23-187a_chunk_4.txt,1024,What is the best way to protect sensitive data in an environment that is segmented and has multiple layers of security,
164,aa22-320a_chunk_3.txt,1024,What is the purpose of creating non -privileged account for users,
165,aa23-319a_chunk_3.txt,1024,What are some mitigative measures that network administrators can implement to protect their systems and networks from ransomware attacks,
166,ar23-074a_chunk_5.txt,1024,What are the different types of malware reports that Cisa offers,
167,icsa-24-046-11_chunk_7.txt,1024,What is the purpose of the `bts dio` function in `drivers/btdio/bts Dio.h`,
168,aa23-165a_chunk_0.txt,1024,What is the purpose of this cybersecurity advisory   What are the key takeaways from the passage,
169,icsa-24-074-07_chunk_8.txt,1024,What is the potential impact of CWE vulnerabilities in the context of Android operating system,
170,aa23-075a_chunk_0.txt,1024,What are the TIDs of Lock Bit  4 ransomware,"The passage does mention the existence of a TID for Lock bit 5, however, the passage doesnt mention any TIDS for the lock bit version."
171,aa23-144a_chunk_3.txt,1024,"What is the purpose of enabling the ""Include Command Line in Process Creation Events"" option in Windows event logs",
172,aa23-059a_chunk_5.txt,1024,What is the best way to mitigate the attack vector of unauthorized access attempts through the implementation of a principle- of-least-privilege approach,
173,aa23-187a_chunk_0.txt,1024,What is the purpose of using TrueBot malware to steal sensitive information,
174,icsa-24-074-07_chunk_4.txt,1024,What is the potential impact of the vulnerability if user interactions are not required for the exploit,
175,aa23-278a_chunk_8.txt,1024,What is the purpose of providing the information requested in an incident report,
176,icsa-24-074-07_chunk_5.txt,1024,What is the potential impact of these vulnerabilities if they are exploited,
177,aa23-250a_chunk_5.txt,1024,What is the minimum password length requirement for user passwords,"Answer: The passage doesnot specify the password minimum length, so I cannot answer this question from this context."
178,aa22-117a_chunk_0.txt,1024,What are the Top Five most frequently reported vulnerabilities exploited against Microsoft products in that year,
179,aa23-074a_chunk_2.txt,1024,What is the purpose of dropping the malicious payload in C:\\Windows\\Temp\\ directory,
180,icsa-24-046-11_chunk_9.txt,1024,What is the purpose of upgrading to version v14 or  v 7 5,
181,aa22-320a_chunk_2.txt,1024,What are the potential risks associated if credentials are stored in the password store or browser,
182,aa20-245a_chunk_2.txt,1024,What are some best practices to implement to mitigate the risk of remote access vulnerabilities,
183,aa24-038a_chunk_7.txt,1024,What are the best security practices for managing privileged service credentials in a hybrid cloud and local environment,
184,icsa-23-166-11_chunk_4.txt,1024,What is an example of a malicious file or payload that could exploit the CWE vulnerabilities mentioned in this passage,
185,aa20-301a_chunk_0.txt,1024,What is the purpose of using spear phishing to initially gain access to victims networks,
186,aa23-059a_chunk_0.txt,1024,What was the purpose of conducting the Cisa red-team assessment   What were the tactics used by the Red team,
187,aa24-038a_chunk_8.txt,1024,What are the best practices for collecting and storing logs related  to OT activities,
188,aa22-055a_chunk_4.txt,1024,What is the purpose of this persistence file,
189,aa20-352a_chunk_1.txt,1024,What is the purpose of using obfuscated files or information for C&C communication,
190,aa24-109a_chunk_2.txt,1024,"What is the purpose of using the ""net group"" command in the context of acquiring detailed information about domain groups",
191,aa23-158a_chunk_4.txt,1024,What information can the authorities request from the public in order to investigate the MOVEi Transfer vulnerability,
192,aa20-245a_chunk_1.txt,1024,What is the potential impact of not collecting log and event data,
193,aa23-136a_chunk_2.txt,1024,What is the purpose of retrieving a detailed list  of domain trusts,
194,aa23-339a_chunk_1.txt,1024,What is the purpose of using RC exe and fsc. exe to scan a subnet,
195,icsa-24-046-11_chunk_1.txt,1024,What is the purpose of setting a specific size for `$state_file` in `logrotate`,
196,icsa-24-046-15_chunk_3.txt,1024,What is the purpose of using mod proxy with the Apache web server,
197,aa23-278a_chunk_1.txt,1024,What is the purpose of enabling web enrollment for an Active directory certificate authority (CA),
198,aa21-356a_chunk_0.txt,1024,What are the recommended mitigatory actions for organizations and vendors to address the vulnerability posed  by Apaches  Log  4 j library,
199,aa21-356a_chunk_2.txt,1024,What are the steps that should be taken to mitigate this Log  4 vulnerability,
200,aa23-165a_chunk_5.txt,1024,What are the key mitigatory controls mentioned in Figure three that help prevent lateral movements of malware,
201,aa22-277a_chunk_1.txt,1024,What is the purpose of using a strong 51-byte AES encryption key in this scenario,
202,aa23-320a_chunk_0.txt,1024,What are the tactics that Scatter Spider uses to gain initial and lateral access into a network,
203,aa22-055a_chunk_3.txt,1024,What is an effective way to mitigate the risk of malicious activities using open-source tools,
204,aa23-165a_chunk_3.txt,1024,What is the purpose of clearing Windows event logs   What are the indicators that are removed by clearing event log,
205,aa23-325a_chunk_2.txt,1024,What is the purpose of saving the registry keys to files,
206,icsa-23-222-07_chunk_3.txt,1024,What is the recommended method for protecting the control network from unauthorized access,
207,aa22-055a_chunk_0.txt,1024,What are the indicators that suggest that a system may be compromised by Muddywater,
208,aa20-275a_chunk_0.txt,1024,What are the vulnerabilities that Chinese State-Sponsored Cyber Actors have exploited in healthcare and financial sectors,
209,icsa-24-046-11_chunk_6.txt,1024,What is the purpose of sending specially constructed messages and how can this be used to exploit the vulnerability,
210,icsa-23-166-11_chunk_2.txt,1024,"What is an example of a race conditions vulnerability that could be exploited by a malicious actor using the vulnerability assigned in CVES 2, 14, and 6",
211,aa24-038a_chunk_11.txt,1024,What is the purpose of extracting and storing the NTdsdit file on local storage,
212,ar23-243a_chunk_1.txt,1024,What is purpose and functionality  of the nedt component in Infamy Chiel malware,
213,ar23-243a_chunk_4.txt,1024,What is the purpose of checking the value of `$` in `condition: int3２(uint3) = ０x４６４C４５7f and (any of these)` in rule `net_createdFiles`,
214,aa23-320a_chunk_1.txt,1024,What is the purpose of ScatterED SPIDER threatactors searching the Slack and Teams online platforms for email conversations and conversations about the intrusion,
215,aa23-187a_chunk_3.txt,1024,"What is the purpose of collecting and reviewing artifacts like running programs/ services, authenticfications, network connection details, etc.",
216,aa23-059a_chunk_1.txt,1024,What is the purpose of obtaining the cache credentials from lsas. exe,
217,aa23-136a_chunk_5.txt,1024,What is the purpose of this notification and privacy policy,
218,aa24-038a_chunk_4.txt,1024,"What is the purpose of collecting sensitive data from the file system, such [ TA0208 ] and [ T1450 ]",
219,icsa-24-046-11_chunk_0.txt,1024,What is the highest CVss score that could be achieved for this security advisory,"Answer: The CVs v score for all vulnerabilities is a  7,5."
220,icsa-24-074-07_chunk_10.txt,1024,What is the purpose of the `qr tr_sendmsg` function in `net/qtrtr`,
221,icsa-24-046-11_chunk_3.txt,1024,What is the simplest workaround to prevent the vulnerability described,
222,aa20-352a_chunk_3.txt,1024,What are the recommended mitigatory actions for Category3 networks according to Cisa,
223,icsa-24-102-08_chunk_3.txt,1024,What is the purpose of the `xmlDictCalculateFastkey` function in `dict.C`,
224,aa23-213a_chunk_1.txt,1024,What is the purpose of the passage,"The purpose is to provide a detailed analysis and understanding of how the APT attackers exploited the CVE vulnerabilities in IvanTI EMM appliances, highlighting the various techniques and methods used in their exploit."
225,aa23-250a_chunk_4.txt,1024,What is the purpose of monitoring API call activity for suspicious activities,
226,aa22-158a_chunk_3.txt,1024,What is the purpose of disabling remote management on a DLINK router,
227,aa21-008a_chunk_0.txt,1024,What is the purpose of using the open source tool Sparrow for network defender to identify compromised users and or applications,
228,aa23-075a_chunk_2.txt,1024,What is the purpose of deleting itself and what is its potential impact on LockBIT   3,
229,aa23-339a_chunk_2.txt,1024,"What is the purpose of the passage   What information is provided about threat detection, prevention, mitigation, vulnerability management, configuration upgrade, network security, software discovery, account discovery and domain trust discovery",
230,aa22-158a_chunk_4.txt,1024,What is the critical vulnerability that affects PhotoStation versions from  8.5 to 0,
231,icsa-23-166-11_chunk_3.txt,1024,What is a potential exploit for the vulnerability described in this passage,
232,ar23-209a_chunk_0.txt,1024,"What is suspicious about the configuration file ""config_TR.g""  What does it contain that could potentially be used to exploit the vulnerability",
233,icsa-24-046-15_chunk_6.txt,1024,What is the purpose of using `process.bind()` in node.JS,
234,aa23-278a_chunk_3.txt,1024,What are some ways that attackers can exploit vulnerabilities in network share and service data,
235,aa23-074a_chunk_0.txt,1024,What is the .net deserialzation vulnerability and how did it allow the attackers to execute code,
236,aa20-245a_chunk_3.txt,1024,What is an effective way to secure a Windows server running on an older version of Windows,
237,aa23-320a_chunk_2.txt,1024,What is the purpose of collecting data about different attack vectors and techniques used in ransomware attacks,
238,icsa-23-166-10_chunk_1.txt,1024,What is the purpose of using the `strtoup` function instead of `atoi` when parsing a string into an integer,
239,aa23-165a_chunk_6.txt,1024,What are the best practices for developing and implementing an IT Security Awareness Program,
240,aa21-062a_chunk_2.txt,1024,What is the purpose of capturing memory from an operating system,
241,icsa-23-166-10_chunk_4.txt,1024,What is the purpose of the Privacy and Use Policy,
242,ar21-134a_chunk_3.txt,1024,What are the time-bound and time escalated domain privileges that need be established for the purpose of implementing Jea for Domain Controller access,
243,aa23-144a_chunk_2.txt,1024,What is the purpose of using the PowerShell command `Get-WmiObject -Class Win31_PerfFormattedEventlogEntry`,
244,aa21-356a_chunk_1.txt,1024,What is the best way to determine the version and timestamp of a specific asset,
245,aa23-347a_chunk_1.txt,1024,What is the purpose of using multiple backends for exfiltration,
246,ar21-134a_chunk_1.txt,1024,What are the steps that should take place to ensure that the internal system can access the Internet during an eviction process,
247,aa21-209a_chunk_1.txt,1024,What is the most effective way to mitigate the risk of exploiting this CVE,
248,ar23-243a_chunk_3.txt,1024,What is the purpose and functionality of remove-file flag in drop bear,
249,aa23-136a_chunk_3.txt,1024,What is the purpose of implementing credential guard for windows 8 and server 6,
250,aa23-263a_chunk_0.txt,1024,What are the different ways that Snitch threat actor use to access and establish persistence in a victims network,
